student_id,institution,region,gpa,test_score,skills,college_pref,admitted
RV__0000,RV_College,India,3.41,909,AWS|Docker,IIT_Delhi,0
RV__0001,RV_College,India,2.87,1432,React|Docker|AWS,PES_University,0
RV__0002,RV_College,India,2.31,1237,AWS|Docker|ML|DS,PES_University,0
RV__0003,RV_College,India,3.32,1110,DS|Docker|AWS|Python,RV_College,0
RV__0004,RV_College,India,2.79,1011,ML|AWS|Docker|Python,RV_College,0
RV__0005,RV_College,India,2.85,1157,AWS|Python|React|Docker|ML,IIT_Delhi,0
RV__0006,RV_College,India,2.86,1103,Python|AWS|Docker,RV_College,0
RV__0007,RV_College,India,3.12,1026,Docker|React|AWS|Python|DS,RV_College,0
RV__0008,RV_College,India,2.55,1193,React|AWS|Python,RV_College,0
RV__0009,RV_College,India,3.38,1023,DS|Python|Docker|React,RV_College,0
RV__0010,RV_College,India,3.38,800,Python|Docker|AWS|ML|React,RV_College,0
RV__0011,RV_College,India,3.1,1204,Docker|AWS|Python|ML,RV_College,0
RV__0012,RV_College,India,2.56,1105,AWS|Python|Docker|React,RV_College,0
RV__0013,RV_College,India,2.96,1297,Docker|Python,RV_College,0
RV__0014,RV_College,India,3.31,1130,AWS|Python|Docker|ML|DS,Stanford,0
RV__0015,RV_College,India,2.81,941,Python|Docker|AWS|ML,MIT,0
RV__0016,RV_College,India,2.81,1293,Docker|AWS|Python|React|ML,RV_College,0
RV__0017,RV_College,India,2.69,1207,AWS|Docker|Python,RV_College,0
RV__0018,RV_College,India,2.26,1154,AWS|Python|Docker|DS,RV_College,0
RV__0019,RV_College,India,3.79,1107,AWS|Python|Docker|DS,RV_College,0
RV__0020,RV_College,India,2.79,913,Python|AWS,RV_College,0
RV__0021,RV_College,India,2.95,1115,AWS|Docker|Python,IIT_Delhi,0
RV__0022,RV_College,India,2.53,1150,Python|Docker|AWS|ML|DS,RV_College,0
RV__0023,RV_College,India,3.13,1344,AWS|DS|Docker,RV_College,0
RV__0024,RV_College,India,3.63,1211,Docker|AWS|DS|Python|React,RV_College,1
RV__0025,RV_College,India,2.75,1130,Python|Docker,RV_College,0
RV__0026,RV_College,India,2.38,1156,DS|Python|AWS|Docker|ML,RV_College,0
RV__0027,RV_College,India,3.3,1296,Docker|Python|AWS|React|ML,RV_College,1
RV__0028,RV_College,India,2.44,988,Docker|Python|DS|ML|AWS,MIT,0
RV__0029,RV_College,India,2.44,1054,Docker|ML,RV_College,0
RV__0030,RV_College,India,4.0,1467,Python|ML|AWS|DS|Docker,RV_College,1
RV__0031,RV_College,India,3.55,1010,Docker|AWS|React,Stanford,0
RV__0032,RV_College,India,2.44,1181,AWS|Python|Docker|ML|DS,RV_College,0
RV__0033,RV_College,India,2.7,1448,AWS|Python,IIT_Delhi,0
RV__0034,RV_College,India,3.25,1256,Python|AWS|DS,Oxford,1
RV__0035,RV_College,India,2.88,1171,Docker|Python|React|AWS,Stanford,0
RV__0036,RV_College,India,3.19,1027,Python|Docker|AWS,Oxford,0
RV__0037,RV_College,India,3.22,902,AWS|ML|Python,RV_College,0
RV__0038,RV_College,India,3.35,1013,Docker|ML|Python|AWS,RV_College,0
RV__0039,RV_College,India,3.36,1042,AWS|Docker|Python,RV_College,0
RV__0040,RV_College,India,2.59,898,AWS|Python|Docker|ML,RV_College,0
RV__0041,RV_College,India,3.32,1156,React|Docker|Python|AWS,RV_College,0
RV__0042,RV_College,India,2.7,1152,Python|AWS|Docker|React,RV_College,0
RV__0043,RV_College,India,3.1,1039,Python|AWS|ML,RV_College,0
RV__0044,RV_College,India,2.95,1271,AWS|React,RV_College,0
RV__0045,RV_College,India,3.08,1077,Docker|AWS,RV_College,0
RV__0046,RV_College,India,3.23,1037,Python|React|AWS|Docker|DS,RV_College,0
RV__0047,RV_College,India,3.62,909,Python|AWS|DS|Docker|React,RV_College,0
RV__0048,RV_College,India,2.45,938,Docker|Python,RV_College,0
RV__0049,RV_College,India,3.41,1306,Docker|AWS|Python|React,MIT,0
RV__0050,RV_College,India,3.15,1104,Docker|Python|AWS|DS|React,MIT,0
RV__0051,RV_College,India,3.86,961,Docker|Python,RV_College,0
RV__0052,RV_College,India,2.65,1107,AWS|Docker,MIT,0
RV__0053,RV_College,India,3.18,1028,Python|React|AWS|Docker|DS,IIT_Delhi,0
RV__0054,RV_College,India,3.43,882,Docker|AWS,RV_College,0
RV__0055,RV_College,India,3.23,926,AWS|DS|Python|ML|React,RV_College,0
RV__0056,RV_College,India,2.71,800,Docker|ML,RV_College,0
RV__0057,RV_College,India,3.28,1099,Docker|AWS|Python|ML|React,Oxford,0
RV__0058,RV_College,India,3.15,1367,React|Docker|AWS|Python|ML,Stanford,0
RV__0059,RV_College,India,2.87,1153,AWS|Python|Docker|React|DS,RV_College,0
RV__0060,RV_College,India,3.37,917,Python|Docker|AWS,RV_College,0
RV__0061,RV_College,India,3.24,1043,Docker|ML,RV_College,0
RV__0062,RV_College,India,3.22,1266,AWS|React|Python|ML,IIT_Delhi,1
RV__0063,RV_College,India,2.8,1360,ML|Docker|Python,RV_College,0
RV__0064,RV_College,India,2.87,835,Python|Docker|DS,RV_College,0
RV__0065,RV_College,India,3.22,1033,Python|AWS|React|Docker,NUS,0
RV__0066,RV_College,India,2.48,1421,DS|AWS|Docker|Python|ML,IIT_Delhi,0
RV__0067,RV_College,India,3.43,866,AWS|DS|Python,RV_College,0
RV__0068,RV_College,India,2.55,1154,React|Docker,RV_College,0
RV__0069,RV_College,India,3.29,1335,React|Docker|AWS|Python|DS,RV_College,1
RV__0070,RV_College,India,2.96,1134,React|AWS|Python|Docker|DS,MIT,0
RV__0071,RV_College,India,2.5,1174,AWS|Python|Docker|React,RV_College,0
RV__0072,RV_College,India,3.04,1183,AWS|Python|Docker|React,RV_College,0
RV__0073,RV_College,India,3.05,1199,AWS|Docker|Python|ML,RV_College,0
RV__0074,RV_College,India,2.97,1054,AWS|DS,Stanford,0
RV__0075,RV_College,India,2.48,966,Python|AWS|Docker|DS,RV_College,0
RV__0076,RV_College,India,2.76,1169,AWS|Docker|Python|ML,IIT_Delhi,0
RV__0077,RV_College,India,2.51,1040,Docker|AWS|DS|Python|React,NUS,0
RV__0078,RV_College,India,3.55,1144,Python|Docker|React|AWS,NUS,0
RV__0079,RV_College,India,2.65,892,AWS|Python|Docker|DS|React,RV_College,0
RV__0080,RV_College,India,3.37,1148,Python|AWS|Docker|DS,PES_University,0
RV__0081,RV_College,India,2.62,1037,Python|Docker|AWS|ML,RV_College,0
RV__0082,RV_College,India,2.6,1230,AWS|Python|React|Docker|ML,IIT_Delhi,0
RV__0083,RV_College,India,3.4,948,React|AWS|Python,RV_College,0
RV__0084,RV_College,India,2.87,1125,AWS|Python|ML|React|DS,RV_College,0
RV__0085,RV_College,India,3.15,1120,Docker|AWS|Python|ML|DS,RV_College,0
RV__0086,RV_College,India,2.69,1089,AWS|Python|Docker,IIT_Delhi,0
RV__0087,RV_College,India,3.16,1187,Docker|Python|AWS,RV_College,0
RV__0088,RV_College,India,3.5,938,AWS|Docker|React|DS,RV_College,0
RV__0089,RV_College,India,2.76,1184,Docker|AWS|Python,PES_University,0
RV__0090,RV_College,India,2.83,973,Python|Docker|AWS|DS,RV_College,0
RV__0091,RV_College,India,3.52,1119,Python|AWS,RV_College,0
RV__0092,RV_College,India,2.89,1319,Python|AWS,RV_College,0
RV__0093,RV_College,India,2.74,1279,Python|AWS|DS,Oxford,0
RV__0094,RV_College,India,3.33,1018,AWS|Python|Docker|React|DS,Oxford,0
RV__0095,RV_College,India,3.51,1134,AWS|Docker|React,RV_College,0
RV__0096,RV_College,India,2.0,1163,Python|Docker|AWS,RV_College,0
RV__0097,RV_College,India,3.42,1269,ML|Python|Docker|React|AWS,Oxford,1
RV__0098,RV_College,India,3.17,1231,Docker|Python|AWS|DS,RV_College,0
RV__0099,RV_College,India,2.56,994,Python|Docker|AWS|React|DS,Stanford,0
RV__0100,RV_College,India,2.92,1030,React|Python|AWS|Docker|ML,RV_College,0
RV__0101,RV_College,India,3.69,1076,AWS|React|Docker|DS,MIT,0
RV__0102,RV_College,India,2.95,1333,Python|AWS|Docker|React|ML,RV_College,0
RV__0103,RV_College,India,3.45,1276,Docker|AWS,NUS,0
RV__0104,RV_College,India,2.35,1295,Python|Docker|AWS|ML|React,RV_College,0
RV__0105,RV_College,India,3.01,1283,Python|Docker,RV_College,0
RV__0106,RV_College,India,2.98,1084,AWS|Python|Docker,Stanford,0
RV__0107,RV_College,India,2.99,995,AWS|DS|Docker|Python|React,RV_College,0
RV__0108,RV_College,India,2.69,1260,AWS|Docker|Python|React|ML,RV_College,0
RV__0109,RV_College,India,3.19,1066,Python|AWS|ML,RV_College,0
RV__0110,RV_College,India,2.74,1125,Docker|ML,RV_College,0
RV__0111,RV_College,India,2.54,1031,DS|AWS|Docker|Python|ML,RV_College,0
RV__0112,RV_College,India,3.23,1056,AWS|Docker|ML,RV_College,0
RV__0113,RV_College,India,2.84,1077,Docker|AWS|Python,RV_College,0
RV__0114,RV_College,India,2.78,1202,Python|AWS|Docker|DS,RV_College,0
RV__0115,RV_College,India,3.64,1048,AWS|Docker|Python|ML,RV_College,0
RV__0116,RV_College,India,3.18,955,AWS|Python,RV_College,0
RV__0117,RV_College,India,3.34,905,AWS|Docker|Python|DS,MIT,0
RV__0118,RV_College,India,3.01,807,Python|AWS|React|Docker,Stanford,0
RV__0119,RV_College,India,3.09,1106,Python|AWS|ML|Docker|React,IIT_Delhi,0
RV__0120,RV_College,India,2.63,1187,AWS|Docker|React|Python|DS,RV_College,0
RV__0121,RV_College,India,3.14,857,Docker|Python|AWS|ML|DS,RV_College,0
RV__0122,RV_College,India,3.65,1203,Docker|AWS|DS|Python|React,RV_College,1
RV__0123,RV_College,India,3.42,998,ML|Docker|AWS|React,RV_College,0
RV__0124,RV_College,India,3.32,1108,DS|AWS|Docker,Oxford,0
RV__0125,RV_College,India,3.05,1302,AWS|Docker|Python|DS,Oxford,0
RV__0126,RV_College,India,3.67,1080,Python|Docker,RV_College,0
RV__0127,RV_College,India,2.07,1242,AWS|ML|Python|Docker,MIT,0
RV__0128,RV_College,India,2.79,901,Python|AWS,RV_College,0
RV__0129,RV_College,India,3.41,981,AWS|Python|Docker|DS,RV_College,0
RV__0130,RV_College,India,2.63,1360,AWS|Python,Oxford,0
RV__0131,RV_College,India,2.82,1120,Docker|Python|AWS,RV_College,0
RV__0132,RV_College,India,3.15,1015,AWS|Python|Docker|ML,RV_College,0
RV__0133,RV_College,India,3.26,1174,Docker|Python|DS|AWS|ML,RV_College,0
RV__0134,RV_College,India,2.35,1136,Docker|AWS,MIT,0
RV__0135,RV_College,India,4.0,1125,ML|Docker|AWS|Python|DS,RV_College,0
RV__0136,RV_College,India,2.9,999,AWS|Python,RV_College,0
RV__0137,RV_College,India,3.05,1115,Docker|AWS|Python|ML|React,NUS,0
RV__0138,RV_College,India,2.68,1081,Docker|AWS|Python,RV_College,0
RV__0139,RV_College,India,3.26,1017,Python|DS|AWS|Docker|React,MIT,0
RV__0140,RV_College,India,2.22,1050,Python|DS|ML|Docker,IIT_Delhi,0
RV__0141,RV_College,India,3.57,1062,Python|Docker,NUS,0
RV__0142,RV_College,India,3.12,1001,Docker|Python|React|AWS|ML,RV_College,0
RV__0143,RV_College,India,2.7,1255,Docker|AWS,RV_College,0
RV__0144,RV_College,India,2.57,959,Python|AWS|React,PES_University,0
RV__0145,RV_College,India,2.01,1099,Docker|AWS|Python,Stanford,0
RV__0146,RV_College,India,3.73,1234,Python|AWS|DS|Docker,RV_College,1
RV__0147,RV_College,India,2.59,1260,Python|AWS,RV_College,0
RV__0148,RV_College,India,2.33,1241,Docker|AWS|Python,RV_College,0
RV__0149,RV_College,India,2.85,984,Docker|DS|Python|AWS,RV_College,0
RV__0150,RV_College,India,3.06,832,AWS|Python|React,RV_College,0
RV__0151,RV_College,India,2.46,1356,Docker|AWS|ML|Python,PES_University,0
RV__0152,RV_College,India,2.36,956,Docker|Python|AWS|ML|DS,RV_College,0
RV__0153,RV_College,India,3.19,965,Docker|AWS|Python|React,RV_College,0
RV__0154,RV_College,India,3.6,1203,AWS|Python|React|Docker,IIT_Delhi,0
RV__0155,RV_College,India,3.07,1013,AWS|Docker|Python,RV_College,0
RV__0156,RV_College,India,3.2,1320,AWS|Docker,RV_College,0
RV__0157,RV_College,India,3.25,1077,AWS|Docker|Python,RV_College,0
RV__0158,RV_College,India,3.58,966,ML|Docker|Python,MIT,0
RV__0159,RV_College,India,3.39,1254,Docker|DS|AWS,RV_College,0
RV__0160,RV_College,India,2.23,933,AWS|Docker|Python,RV_College,0
RV__0161,RV_College,India,2.63,1225,ML|AWS|DS|Docker,Oxford,0
RV__0162,RV_College,India,2.76,1301,Docker|AWS|ML|Python|React,RV_College,0
RV__0163,RV_College,India,3.32,923,Python|Docker|AWS|React|ML,RV_College,0
RV__0164,RV_College,India,2.76,1211,ML|AWS,RV_College,0
RV__0165,RV_College,India,2.0,1209,AWS|Docker,RV_College,0
RV__0166,RV_College,India,3.42,1159,ML|Python|Docker|AWS|DS,RV_College,0
RV__0167,RV_College,India,3.24,800,Python|React|Docker|DS|AWS,MIT,0
RV__0168,RV_College,India,2.86,1152,DS|AWS|Python|Docker|React,RV_College,0
RV__0169,RV_College,India,2.84,943,AWS|React|Python,MIT,0
RV__0170,RV_College,India,2.29,1272,Python|ML|AWS|Docker|React,PES_University,0
RV__0171,RV_College,India,2.95,1080,AWS|Docker|Python|DS|React,RV_College,0
RV__0172,RV_College,India,3.41,1174,Python|AWS|Docker|ML|DS,RV_College,0
RV__0173,RV_College,India,2.74,1148,AWS|Python|ML|DS|Docker,RV_College,0
RV__0174,RV_College,India,3.51,1019,Docker|AWS,RV_College,0
RV__0175,RV_College,India,2.85,1026,AWS|Docker|DS|Python,RV_College,0
RV__0176,RV_College,India,3.42,1084,Python|Docker,RV_College,0
RV__0177,RV_College,India,3.16,1103,AWS|Docker,NUS,0
RV__0178,RV_College,India,3.02,1149,Docker|React|AWS|DS,Oxford,0
RV__0179,RV_College,India,3.2,1192,Docker|Python|AWS|DS,RV_College,0
RV__0180,RV_College,India,2.51,1113,ML|Docker,Stanford,0
RV__0181,RV_College,India,2.75,1121,AWS|Python|Docker|ML,RV_College,0
RV__0182,RV_College,India,3.35,1091,AWS|Python,IIT_Delhi,0
RV__0183,RV_College,India,2.52,1381,Docker|AWS|Python|DS|ML,RV_College,0
RV__0184,RV_College,India,3.04,1092,AWS|ML|DS|Python|React,RV_College,0
RV__0185,RV_College,India,3.08,1126,AWS|Docker|Python,IIT_Delhi,0
RV__0186,RV_College,India,3.58,1277,Python|Docker,RV_College,0
RV__0187,RV_College,India,3.11,1033,Docker|Python,RV_College,0
RV__0188,RV_College,India,2.9,1062,React|AWS|ML,RV_College,0
RV__0189,RV_College,India,3.06,800,React|Python,IIT_Delhi,0
RV__0190,RV_College,India,3.49,1285,AWS|Docker|Python,RV_College,0
RV__0191,RV_College,India,3.01,1213,Docker|AWS|Python,RV_College,0
RV__0192,RV_College,India,3.33,947,ML|AWS|Docker|Python,Oxford,0
RV__0193,RV_College,India,3.28,1100,Docker|AWS|Python|DS,RV_College,0
RV__0194,RV_College,India,2.81,800,Python|Docker|AWS|React|DS,RV_College,0
RV__0195,RV_College,India,3.0,1272,Docker|Python,RV_College,0
RV__0196,RV_College,India,3.58,848,Python|AWS|ML|React,RV_College,0
RV__0197,RV_College,India,3.53,814,AWS|Python|Docker|React|ML,RV_College,0
RV__0198,RV_College,India,3.15,1001,AWS|Python|Docker|ML|DS,PES_University,0
RV__0199,RV_College,India,2.96,1156,Python|Docker|React|ML,RV_College,0
PES_0000,PES_University,India,2.92,1382,DS|ML|AWS|Python|React,IIT_Delhi,0
PES_0001,PES_University,India,3.54,1215,React|Python|DS|AWS,NUS,1
PES_0002,PES_University,India,2.88,963,React|Python|Docker,PES_University,0
PES_0003,PES_University,India,2.93,1218,React|Python|DS|Docker,PES_University,0
PES_0004,PES_University,India,2.95,1135,Python|ML|DS|React|Docker,Oxford,0
PES_0005,PES_University,India,3.54,1176,ML|DS|Python|React|AWS,RV_College,0
PES_0006,PES_University,India,3.11,1104,DS|Python,Stanford,0
PES_0007,PES_University,India,3.23,909,AWS|DS,PES_University,0
PES_0008,PES_University,India,3.11,1376,React|ML,PES_University,0
PES_0009,PES_University,India,3.77,1272,Python|React,PES_University,0
PES_0010,PES_University,India,3.0,1091,Python|DS|ML,PES_University,0
PES_0011,PES_University,India,3.45,977,Python|React|DS|Docker,NUS,0
PES_0012,PES_University,India,2.67,1149,DS|Python|ML|React|Docker,NUS,0
PES_0013,PES_University,India,4.0,1336,DS|ML|React,PES_University,1
PES_0014,PES_University,India,3.45,831,ML|DS|Python|Docker,PES_University,0
PES_0015,PES_University,India,3.24,1082,DS|Docker|React|Python|AWS,PES_University,0
PES_0016,PES_University,India,3.27,1107,DS|Python,PES_University,0
PES_0017,PES_University,India,2.8,1289,DS|React|Python|AWS|ML,PES_University,0
PES_0018,PES_University,India,3.0,909,Python|DS|React,IIT_Delhi,0
PES_0019,PES_University,India,2.81,1142,Python|ML|React|AWS,PES_University,0
PES_0020,PES_University,India,2.5,1149,DS|Python,Stanford,0
PES_0021,PES_University,India,2.73,1203,ML|Python|AWS,PES_University,0
PES_0022,PES_University,India,3.24,1145,Docker|DS,Stanford,0
PES_0023,PES_University,India,2.59,1139,Python|DS|React,RV_College,0
PES_0024,PES_University,India,3.21,914,Python|DS|React,PES_University,0
PES_0025,PES_University,India,2.88,966,DS|AWS|React|ML|Python,Stanford,0
PES_0026,PES_University,India,3.23,1023,React|Python,Stanford,0
PES_0027,PES_University,India,3.53,1085,ML|Python|React,PES_University,0
PES_0028,PES_University,India,3.29,1067,React|DS|Docker|Python|ML,PES_University,0
PES_0029,PES_University,India,3.38,1579,React|DS,PES_University,0
PES_0030,PES_University,India,2.89,1231,Docker|Python|DS|React,PES_University,0
PES_0031,PES_University,India,2.53,973,React|ML|DS|Python|AWS,PES_University,0
PES_0032,PES_University,India,2.54,979,Python|DS|React|ML,MIT,0
PES_0033,PES_University,India,2.89,1223,React|DS|ML|Python,PES_University,0
PES_0034,PES_University,India,3.22,1032,React|Python,RV_College,0
PES_0035,PES_University,India,3.36,1022,Python|ML|DS|React|Docker,PES_University,0
PES_0036,PES_University,India,3.8,1186,DS|AWS,IIT_Delhi,0
PES_0037,PES_University,India,3.04,1202,React|Python|DS,PES_University,0
PES_0038,PES_University,India,3.18,1461,Python|React|DS|AWS,IIT_Delhi,0
PES_0039,PES_University,India,2.67,1130,DS|Docker|React|ML|Python,PES_University,0
PES_0040,PES_University,India,2.57,1164,Python|DS|React|AWS|ML,PES_University,0
PES_0041,PES_University,India,2.56,947,ML|React,Stanford,0
PES_0042,PES_University,India,3.34,1150,AWS|ML,PES_University,0
PES_0043,PES_University,India,2.76,1132,Python|React|Docker|DS|ML,NUS,0
PES_0044,PES_University,India,2.76,1227,React|Python|DS,PES_University,0
PES_0045,PES_University,India,3.05,1209,Python|DS|React,MIT,0
PES_0046,PES_University,India,3.71,1216,Python|React|Docker|AWS,RV_College,0
PES_0047,PES_University,India,3.45,1095,Python|DS|React,PES_University,0
PES_0048,PES_University,India,3.54,1195,DS|Python,PES_University,0
PES_0049,PES_University,India,3.14,1181,React|Python|DS|ML,PES_University,0
PES_0050,PES_University,India,3.54,1081,Python|DS|ML,NUS,0
PES_0051,PES_University,India,2.89,1143,React|Docker|DS|Python|ML,PES_University,0
PES_0052,PES_University,India,2.82,1226,Python|React|DS,PES_University,0
PES_0053,PES_University,India,3.56,1068,DS|React,PES_University,0
PES_0054,PES_University,India,2.94,1318,React|Python,IIT_Delhi,0
PES_0055,PES_University,India,3.1,898,DS|React|ML,Oxford,0
PES_0056,PES_University,India,3.22,1199,DS|Python|React|ML,PES_University,0
PES_0057,PES_University,India,3.02,1222,React|Python|DS,PES_University,0
PES_0058,PES_University,India,3.52,1053,DS|Python|React,MIT,0
PES_0059,PES_University,India,2.18,1148,DS|Python|ML|Docker|React,PES_University,0
PES_0060,PES_University,India,2.59,1229,Python|DS,NUS,0
PES_0061,PES_University,India,3.41,1052,React|Python,PES_University,0
PES_0062,PES_University,India,3.65,1275,ML|Python|DS|React,PES_University,1
PES_0063,PES_University,India,3.28,1237,Python|React|ML|DS|Docker,PES_University,1
PES_0064,PES_University,India,3.1,1119,React|DS|Python|ML,PES_University,0
PES_0065,PES_University,India,2.7,1180,DS|Python|React|Docker,PES_University,0
PES_0066,PES_University,India,3.28,1564,Python|React|DS|AWS|ML,NUS,1
PES_0067,PES_University,India,3.26,1081,AWS|Python|DS|React,IIT_Delhi,0
PES_0068,PES_University,India,3.11,1094,DS|Python|React|Docker,PES_University,0
PES_0069,PES_University,India,2.8,1464,DS|React|Docker,PES_University,0
PES_0070,PES_University,India,3.54,1245,React|DS|ML,PES_University,1
PES_0071,PES_University,India,3.81,1329,Python|DS|AWS|React,PES_University,1
PES_0072,PES_University,India,3.27,1444,DS|React|AWS|Python,PES_University,1
PES_0073,PES_University,India,3.53,1194,DS|Python,PES_University,0
PES_0074,PES_University,India,3.08,1073,AWS|ML|Python|DS,PES_University,0
PES_0075,PES_University,India,2.1,879,DS|Python|React,Stanford,0
PES_0076,PES_University,India,2.48,1354,Docker|Python|DS|React,RV_College,0
PES_0077,PES_University,India,3.29,1156,React|DS,NUS,0
PES_0078,PES_University,India,2.5,948,DS|React|Python|Docker,RV_College,0
PES_0079,PES_University,India,3.7,1165,React|DS|Python|AWS|ML,NUS,0
PES_0080,PES_University,India,3.37,1433,DS|React|AWS,PES_University,0
PES_0081,PES_University,India,3.15,1162,React|DS,NUS,0
PES_0082,PES_University,India,2.69,1386,DS|Python|React|Docker|ML,IIT_Delhi,0
PES_0083,PES_University,India,3.2,1150,DS|Python|React|Docker|AWS,MIT,0
PES_0084,PES_University,India,3.35,990,DS|Python|React,PES_University,0
PES_0085,PES_University,India,2.75,1206,DS|Python|Docker|ML,NUS,0
PES_0086,PES_University,India,3.43,1329,DS|Python|React|ML|AWS,Stanford,1
PES_0087,PES_University,India,3.21,1503,React|Docker,RV_College,0
PES_0088,PES_University,India,2.94,1130,DS|Python|Docker|ML|React,NUS,0
PES_0089,PES_University,India,3.39,1278,DS|Python,PES_University,1
PES_0090,PES_University,India,3.49,1174,Docker|React|DS|Python|AWS,PES_University,0
PES_0091,PES_University,India,2.97,1355,Python|DS,PES_University,0
PES_0092,PES_University,India,2.96,904,React|Python,PES_University,0
PES_0093,PES_University,India,2.8,912,DS|Docker|Python|React,PES_University,0
PES_0094,PES_University,India,3.13,1079,Python|React|DS,PES_University,0
PES_0095,PES_University,India,3.4,1072,DS|Python|React|ML,PES_University,0
PES_0096,PES_University,India,3.32,1390,DS|Docker|Python|React|ML,PES_University,1
PES_0097,PES_University,India,2.87,1094,DS|AWS|Python|React,Stanford,0
PES_0098,PES_University,India,3.17,1081,Python|React|Docker|DS,PES_University,0
PES_0099,PES_University,India,2.0,1113,ML|Python|React,PES_University,0
PES_0100,PES_University,India,3.07,1079,Python|DS|Docker|React,PES_University,0
PES_0101,PES_University,India,3.52,1233,Docker|React,PES_University,0
PES_0102,PES_University,India,3.43,1397,React|DS|ML|Python,RV_College,1
PES_0103,PES_University,India,3.42,1049,AWS|DS|Python,Stanford,0
PES_0104,PES_University,India,3.71,1129,DS|React|Python|Docker,PES_University,0
PES_0105,PES_University,India,3.35,1299,Python|React,PES_University,0
PES_0106,PES_University,India,3.41,1273,React|Docker,PES_University,0
PES_0107,PES_University,India,2.82,913,Docker|DS|React|AWS,PES_University,0
PES_0108,PES_University,India,2.53,1281,DS|React|ML,PES_University,0
PES_0109,PES_University,India,2.94,879,Python|DS|React|ML|AWS,Stanford,0
PES_0110,PES_University,India,3.53,1229,Python|DS,PES_University,1
PES_0111,PES_University,India,3.2,931,DS|React|Python|Docker|ML,Stanford,0
PES_0112,PES_University,India,2.38,977,React|DS|Python|AWS,PES_University,0
PES_0113,PES_University,India,2.69,1136,DS|React|Python,IIT_Delhi,0
PES_0114,PES_University,India,3.2,984,DS|Python|React|ML,NUS,0
PES_0115,PES_University,India,2.92,944,DS|React|Python|Docker,PES_University,0
PES_0116,PES_University,India,3.43,1043,React|Python,RV_College,0
PES_0117,PES_University,India,2.55,1295,DS|Docker,PES_University,0
PES_0118,PES_University,India,3.75,1418,DS|React|AWS,PES_University,0
PES_0119,PES_University,India,3.14,911,DS|Docker|Python|React,PES_University,0
PES_0120,PES_University,India,3.9,1191,DS|Python,PES_University,0
PES_0121,PES_University,India,3.44,1348,DS|React|Python,PES_University,1
PES_0122,PES_University,India,3.15,1275,DS|Python|ML,RV_College,0
PES_0123,PES_University,India,2.67,1205,Docker|ML|AWS|Python,PES_University,0
PES_0124,PES_University,India,3.08,1047,DS|Python|React,PES_University,0
PES_0125,PES_University,India,2.79,1208,Python|Docker|DS|React,PES_University,0
PES_0126,PES_University,India,2.64,1141,Python|React,NUS,0
PES_0127,PES_University,India,4.0,943,React|Python|Docker|DS|AWS,MIT,0
PES_0128,PES_University,India,3.85,988,Python|React,PES_University,0
PES_0129,PES_University,India,3.55,1117,Python|DS|AWS|React|ML,PES_University,0
PES_0130,PES_University,India,3.65,1197,Python|DS|AWS,PES_University,0
PES_0131,PES_University,India,3.68,1193,Python|DS|AWS|React|ML,Stanford,0
PES_0132,PES_University,India,3.14,1100,Python|React|DS|AWS|Docker,MIT,0
PES_0133,PES_University,India,2.9,1154,Python|React|DS|AWS|Docker,PES_University,0
PES_0134,PES_University,India,3.25,1352,DS|React|Python|AWS,Oxford,1
PES_0135,PES_University,India,3.11,1110,DS|Python|AWS|Docker|React,PES_University,0
PES_0136,PES_University,India,2.77,959,React|Python|DS|Docker|AWS,PES_University,0
PES_0137,PES_University,India,2.99,1291,Python|React|ML|DS|Docker,PES_University,0
PES_0138,PES_University,India,3.16,1136,DS|Python|React,PES_University,0
PES_0139,PES_University,India,2.76,1156,Python|DS|AWS|React,Stanford,0
PES_0140,PES_University,India,2.43,1282,React|AWS|DS,PES_University,0
PES_0141,PES_University,India,3.0,1249,Python|DS|React|AWS|ML,PES_University,0
PES_0142,PES_University,India,3.0,1143,DS|ML,PES_University,0
PES_0143,PES_University,India,3.15,1225,AWS|React|Python|ML|DS,PES_University,0
PES_0144,PES_University,India,3.15,1222,DS|Python|AWS|React,PES_University,0
PES_0145,PES_University,India,2.99,1148,Python|DS|React|AWS,NUS,0
PES_0146,PES_University,India,2.88,1372,React|DS,Oxford,0
PES_0147,PES_University,India,2.49,1057,DS|Python|React,Stanford,0
PES_0148,PES_University,India,2.67,1141,Python|React|DS|Docker,PES_University,0
PES_0149,PES_University,India,3.04,1328,Python|React,Oxford,0
PES_0150,PES_University,India,2.69,1288,Python|React|DS,PES_University,0
PES_0151,PES_University,India,3.43,1143,Python|React|AWS|DS,Stanford,0
PES_0152,PES_University,India,2.65,1259,DS|Docker|Python|React|ML,PES_University,0
PES_0153,PES_University,India,3.28,1076,React|Docker|Python|DS|ML,PES_University,0
PES_0154,PES_University,India,2.99,1302,DS|React|Python|AWS|ML,PES_University,0
PES_0155,PES_University,India,2.69,1350,Python|DS|AWS|React,PES_University,0
PES_0156,PES_University,India,3.31,1088,Python|DS|Docker,PES_University,0
PES_0157,PES_University,India,3.11,1158,React|DS,MIT,0
PES_0158,PES_University,India,2.8,1267,React|DS,Stanford,0
PES_0159,PES_University,India,3.67,1012,DS|React|Docker|Python,IIT_Delhi,0
PES_0160,PES_University,India,2.86,1115,Python|React|DS|AWS,PES_University,0
PES_0161,PES_University,India,2.83,1101,React|Python|ML|DS,PES_University,0
PES_0162,PES_University,India,3.48,971,DS|React|Python|AWS,PES_University,0
PES_0163,PES_University,India,3.52,1255,DS|ML|Docker|React|Python,PES_University,1
PES_0164,PES_University,India,3.55,1040,DS|React|Python|ML|AWS,PES_University,0
PES_0165,PES_University,India,2.38,1115,DS|Python|React|ML,PES_University,0
PES_0166,PES_University,India,3.27,1184,React|DS|Python|Docker|ML,PES_University,0
PES_0167,PES_University,India,3.61,1126,React|DS|Python|Docker,PES_University,0
PES_0168,PES_University,India,3.69,1211,React|Python|AWS|DS,PES_University,1
PES_0169,PES_University,India,3.7,1280,DS|React,PES_University,0
PES_0170,PES_University,India,3.62,1395,Python|React,PES_University,0
PES_0171,PES_University,India,3.22,1142,DS|React|Python|ML|Docker,PES_University,0
PES_0172,PES_University,India,2.66,992,Python|React,PES_University,0
PES_0173,PES_University,India,3.1,1376,React|DS|Python,PES_University,0
PES_0174,PES_University,India,3.08,1146,DS|React,PES_University,0
PES_0175,PES_University,India,2.89,891,DS|React,PES_University,0
PES_0176,PES_University,India,2.99,1265,AWS|Python|Docker|ML,PES_University,0
PES_0177,PES_University,India,2.82,1146,Python|DS|React|ML|Docker,PES_University,0
PES_0178,PES_University,India,3.97,1000,React|DS|ML|Python|AWS,PES_University,0
PES_0179,PES_University,India,3.05,1264,DS|Python|Docker|ML,PES_University,0
PES_0180,PES_University,India,3.33,1208,React|DS|ML|Python|AWS,PES_University,1
PES_0181,PES_University,India,3.2,1313,Python|React,PES_University,0
PES_0182,PES_University,India,2.9,829,React|DS|Python|ML,PES_University,0
PES_0183,PES_University,India,2.85,1330,Docker|React|Python|ML,PES_University,0
PES_0184,PES_University,India,2.64,800,ML|Python|React,PES_University,0
PES_0185,PES_University,India,3.23,1036,DS|React,PES_University,0
PES_0186,PES_University,India,2.87,1143,React|Python|AWS|DS,PES_University,0
PES_0187,PES_University,India,3.29,1003,Python|React,PES_University,0
PES_0188,PES_University,India,3.05,1136,Python|DS|React|ML|AWS,Stanford,0
PES_0189,PES_University,India,3.22,1217,React|DS|Python,IIT_Delhi,1
PES_0190,PES_University,India,3.4,1139,DS|React|Docker|Python|AWS,PES_University,0
PES_0191,PES_University,India,2.62,1093,Python|DS|React|Docker|AWS,PES_University,0
PES_0192,PES_University,India,3.13,1166,AWS|Python|DS,RV_College,0
PES_0193,PES_University,India,3.16,1234,React|DS,PES_University,0
PES_0194,PES_University,India,3.59,1371,DS|Python|React|Docker|AWS,Oxford,1
PES_0195,PES_University,India,3.27,1311,React|DS,Stanford,0
PES_0196,PES_University,India,2.97,1170,ML|React|DS,MIT,0
PES_0197,PES_University,India,3.78,1296,DS|Python|React|AWS,PES_University,1
PES_0198,PES_University,India,3.21,1020,ML|React|Python,PES_University,0
PES_0199,PES_University,India,3.46,1242,DS|React,Stanford,0
IIT_0000,IIT_Delhi,India,3.03,1420,DS|React|ML|Python,Stanford,0
IIT_0001,IIT_Delhi,India,3.68,1285,React|DS,Stanford,0
IIT_0002,IIT_Delhi,India,3.29,1581,DS|ML|Python|React|AWS,PES_University,1
IIT_0003,IIT_Delhi,India,3.23,1257,Python|DS|ML|Docker,NUS,1
IIT_0004,IIT_Delhi,India,3.54,1465,ML|DS,IIT_Delhi,1
IIT_0005,IIT_Delhi,India,3.5,1071,DS|Docker|Python|ML,Oxford,0
IIT_0006,IIT_Delhi,India,2.74,1503,ML|DS|Python,IIT_Delhi,0
IIT_0007,IIT_Delhi,India,3.39,1430,DS|React,IIT_Delhi,0
IIT_0008,IIT_Delhi,India,2.88,1256,ML|DS|Python|Docker,Oxford,0
IIT_0009,IIT_Delhi,India,4.0,1500,DS|Python|ML,IIT_Delhi,1
IIT_0010,IIT_Delhi,India,3.17,1335,ML|Python|Docker|DS|AWS,IIT_Delhi,0
IIT_0011,IIT_Delhi,India,3.29,1425,Python|AWS|DS|React|ML,NUS,1
IIT_0012,IIT_Delhi,India,3.52,1403,DS|React,IIT_Delhi,0
IIT_0013,IIT_Delhi,India,3.94,1251,ML|DS|Python|AWS|React,PES_University,1
IIT_0014,IIT_Delhi,India,4.0,1263,AWS|ML,IIT_Delhi,0
IIT_0015,IIT_Delhi,India,2.99,1347,ML|Python,Stanford,0
IIT_0016,IIT_Delhi,India,3.28,1304,DS|ML|Python|React|Docker,IIT_Delhi,1
IIT_0017,IIT_Delhi,India,4.0,1335,Python|ML|DS|AWS,RV_College,1
IIT_0018,IIT_Delhi,India,4.0,1216,DS|Python|ML|React,IIT_Delhi,1
IIT_0019,IIT_Delhi,India,3.13,1235,Python|AWS|ML|DS|Docker,RV_College,0
IIT_0020,IIT_Delhi,India,3.4,1223,ML|React|DS|Python,IIT_Delhi,1
IIT_0021,IIT_Delhi,India,4.0,1456,ML|Python,IIT_Delhi,1
IIT_0022,IIT_Delhi,India,3.51,1151,Python|ML|Docker,IIT_Delhi,0
IIT_0023,IIT_Delhi,India,3.15,1288,Python|DS|AWS|Docker|ML,IIT_Delhi,0
IIT_0024,IIT_Delhi,India,3.71,1182,DS|ML|Docker,IIT_Delhi,0
IIT_0025,IIT_Delhi,India,3.47,1434,React|Python|DS|ML,RV_College,1
IIT_0026,IIT_Delhi,India,3.5,1225,ML|DS|Python|AWS|React,RV_College,1
IIT_0027,IIT_Delhi,India,3.43,1309,DS|Python|ML,RV_College,1
IIT_0028,IIT_Delhi,India,2.61,1447,Python|DS,IIT_Delhi,0
IIT_0029,IIT_Delhi,India,3.75,1447,Python|DS|AWS|React,IIT_Delhi,1
IIT_0030,IIT_Delhi,India,3.96,1405,React|Python|AWS|DS|ML,IIT_Delhi,1
IIT_0031,IIT_Delhi,India,3.67,1412,ML|Python|AWS|DS|Docker,PES_University,1
IIT_0032,IIT_Delhi,India,3.19,1358,ML|DS|Python,Oxford,0
IIT_0033,IIT_Delhi,India,3.72,1409,DS|Python|ML|AWS|React,Oxford,1
IIT_0034,IIT_Delhi,India,3.06,1377,Python|DS,MIT,0
IIT_0035,IIT_Delhi,India,3.99,1248,Python|DS|AWS|ML,RV_College,1
IIT_0036,IIT_Delhi,India,3.72,1297,Docker|DS,IIT_Delhi,0
IIT_0037,IIT_Delhi,India,3.82,1369,Python|React|DS,IIT_Delhi,1
IIT_0038,IIT_Delhi,India,3.91,1421,ML|Python|DS|AWS|React,IIT_Delhi,1
IIT_0039,IIT_Delhi,India,3.19,1333,Python|ML,Oxford,0
IIT_0040,IIT_Delhi,India,3.88,1211,Python|ML|React,IIT_Delhi,1
IIT_0041,IIT_Delhi,India,3.23,1417,React|Python|ML|DS|AWS,IIT_Delhi,1
IIT_0042,IIT_Delhi,India,3.6,1557,Python|ML,PES_University,1
IIT_0043,IIT_Delhi,India,3.21,1123,DS|ML|Python,IIT_Delhi,0
IIT_0044,IIT_Delhi,India,2.85,1010,DS|Python|Docker|ML,IIT_Delhi,0
IIT_0045,IIT_Delhi,India,3.86,1327,Python|DS|ML|Docker,IIT_Delhi,1
IIT_0046,IIT_Delhi,India,3.25,1497,AWS|Python|React|DS|ML,IIT_Delhi,1
IIT_0047,IIT_Delhi,India,3.7,1442,DS|ML|Python|AWS|React,IIT_Delhi,1
IIT_0048,IIT_Delhi,India,2.94,1376,ML|DS|Docker|Python|AWS,IIT_Delhi,0
IIT_0049,IIT_Delhi,India,3.64,1308,ML|DS,NUS,1
IIT_0050,IIT_Delhi,India,2.83,1337,DS|ML,NUS,0
IIT_0051,IIT_Delhi,India,2.95,1137,ML|Python|DS,NUS,0
IIT_0052,IIT_Delhi,India,3.49,1479,DS|Docker|ML,Oxford,1
IIT_0053,IIT_Delhi,India,3.62,1328,DS|Python|ML|React,IIT_Delhi,1
IIT_0054,IIT_Delhi,India,3.49,1491,ML|Python|React|DS,Stanford,1
IIT_0055,IIT_Delhi,India,3.38,1440,Python|DS|React|ML,Stanford,1
IIT_0056,IIT_Delhi,India,2.95,1442,DS|ML|Python|React|Docker,Oxford,0
IIT_0057,IIT_Delhi,India,4.0,1587,Python|ML|DS|AWS|React,MIT,1
IIT_0058,IIT_Delhi,India,3.56,1251,DS|Python,IIT_Delhi,1
IIT_0059,IIT_Delhi,India,4.0,1341,DS|Python,IIT_Delhi,1
IIT_0060,IIT_Delhi,India,3.55,1262,DS|ML,IIT_Delhi,1
IIT_0061,IIT_Delhi,India,3.56,1335,React|Docker|ML|Python,Stanford,1
IIT_0062,IIT_Delhi,India,3.52,1532,AWS|DS,IIT_Delhi,0
IIT_0063,IIT_Delhi,India,2.76,1296,ML|DS,IIT_Delhi,0
IIT_0064,IIT_Delhi,India,3.64,1351,ML|Python,IIT_Delhi,1
IIT_0065,IIT_Delhi,India,4.0,1312,Python|DS|ML|AWS|Docker,IIT_Delhi,1
IIT_0066,IIT_Delhi,India,4.0,1282,AWS|DS,IIT_Delhi,0
IIT_0067,IIT_Delhi,India,3.42,1327,ML|Docker|Python,RV_College,1
IIT_0068,IIT_Delhi,India,3.44,1429,Docker|ML|DS,MIT,1
IIT_0069,IIT_Delhi,India,4.0,1376,ML|DS|Python,IIT_Delhi,1
IIT_0070,IIT_Delhi,India,3.94,1387,Python|DS|ML|Docker,NUS,1
IIT_0071,IIT_Delhi,India,3.36,1343,ML|AWS|DS|Python|React,NUS,1
IIT_0072,IIT_Delhi,India,3.28,1458,ML|AWS,IIT_Delhi,0
IIT_0073,IIT_Delhi,India,3.46,1346,DS|ML|Python|AWS|React,IIT_Delhi,1
IIT_0074,IIT_Delhi,India,3.73,1416,DS|ML,IIT_Delhi,1
IIT_0075,IIT_Delhi,India,3.4,1268,ML|DS|React|Docker|Python,IIT_Delhi,1
IIT_0076,IIT_Delhi,India,3.17,1486,ML|AWS|Python|DS|React,MIT,0
IIT_0077,IIT_Delhi,India,3.42,1254,AWS|Python,IIT_Delhi,0
IIT_0078,IIT_Delhi,India,3.56,1475,Docker|Python,MIT,0
IIT_0079,IIT_Delhi,India,3.16,1461,DS|Python|ML|AWS|React,IIT_Delhi,0
IIT_0080,IIT_Delhi,India,3.05,1531,DS|Python|ML|React|AWS,IIT_Delhi,0
IIT_0081,IIT_Delhi,India,3.68,1396,ML|Python|DS,IIT_Delhi,1
IIT_0082,IIT_Delhi,India,3.7,1291,DS|Docker,NUS,0
IIT_0083,IIT_Delhi,India,3.41,1371,AWS|Python,Stanford,0
IIT_0084,IIT_Delhi,India,3.45,992,Docker|DS|ML|Python|React,MIT,0
IIT_0085,IIT_Delhi,India,3.4,1411,ML|Python|DS|AWS,IIT_Delhi,1
IIT_0086,IIT_Delhi,India,3.55,1392,ML|Python|DS,IIT_Delhi,1
IIT_0087,IIT_Delhi,India,4.0,1107,ML|Python|DS|React|Docker,IIT_Delhi,0
IIT_0088,IIT_Delhi,India,3.37,1300,DS|Python,IIT_Delhi,1
IIT_0089,IIT_Delhi,India,4.0,1226,AWS|Docker|DS,NUS,0
IIT_0090,IIT_Delhi,India,3.94,1596,ML|Python|DS,IIT_Delhi,1
IIT_0091,IIT_Delhi,India,3.27,1193,DS|Python|AWS,IIT_Delhi,0
IIT_0092,IIT_Delhi,India,3.02,1541,ML|Python|AWS|DS|Docker,Stanford,0
IIT_0093,IIT_Delhi,India,3.96,1248,Python|ML,IIT_Delhi,1
IIT_0094,IIT_Delhi,India,3.56,1406,ML|Python|DS|AWS|Docker,IIT_Delhi,1
IIT_0095,IIT_Delhi,India,3.14,1257,Docker|ML|Python,IIT_Delhi,0
IIT_0096,IIT_Delhi,India,3.32,1378,Python|DS,IIT_Delhi,1
IIT_0097,IIT_Delhi,India,3.64,1377,DS|Python|ML|AWS|React,Stanford,1
IIT_0098,IIT_Delhi,India,3.44,1406,Python|DS|React|ML|Docker,Stanford,1
IIT_0099,IIT_Delhi,India,3.97,1506,DS|ML|AWS|Docker|Python,RV_College,1
IIT_0100,IIT_Delhi,India,3.62,1371,ML|Docker|Python|DS,IIT_Delhi,1
IIT_0101,IIT_Delhi,India,2.75,1519,Python|ML|DS,IIT_Delhi,0
IIT_0102,IIT_Delhi,India,3.71,1297,DS|ML,NUS,1
IIT_0103,IIT_Delhi,India,2.81,1370,Python|DS|ML|AWS|React,IIT_Delhi,0
IIT_0104,IIT_Delhi,India,3.34,1248,DS|Python|ML,IIT_Delhi,1
IIT_0105,IIT_Delhi,India,3.68,1563,Python|ML,Oxford,1
IIT_0106,IIT_Delhi,India,3.9,1500,Python|DS|ML,IIT_Delhi,1
IIT_0107,IIT_Delhi,India,3.9,1428,DS|Docker|Python|ML|AWS,IIT_Delhi,1
IIT_0108,IIT_Delhi,India,3.81,1465,Python|React|ML|DS|Docker,IIT_Delhi,1
IIT_0109,IIT_Delhi,India,3.57,1384,DS|React,MIT,0
IIT_0110,IIT_Delhi,India,3.15,1301,Python|DS|ML,IIT_Delhi,0
IIT_0111,IIT_Delhi,India,3.98,1574,DS|AWS|Python|ML|Docker,IIT_Delhi,1
IIT_0112,IIT_Delhi,India,2.91,1372,DS|React|Python,Oxford,0
IIT_0113,IIT_Delhi,India,3.87,1600,ML|Python|DS,IIT_Delhi,1
IIT_0114,IIT_Delhi,India,3.26,1416,Docker|Python|ML|DS|React,NUS,1
IIT_0115,IIT_Delhi,India,4.0,1516,Python|Docker|React,Oxford,0
IIT_0116,IIT_Delhi,India,3.98,1340,Python|ML,IIT_Delhi,1
IIT_0117,IIT_Delhi,India,3.22,1260,Python|DS|Docker,IIT_Delhi,1
IIT_0118,IIT_Delhi,India,3.01,1198,ML|DS|Python|Docker|AWS,PES_University,0
IIT_0119,IIT_Delhi,India,3.24,1535,Docker|ML|DS|Python,Oxford,1
IIT_0120,IIT_Delhi,India,3.75,1385,ML|AWS,IIT_Delhi,0
IIT_0121,IIT_Delhi,India,3.33,1367,ML|DS,IIT_Delhi,1
IIT_0122,IIT_Delhi,India,3.62,1383,React|Python,IIT_Delhi,0
IIT_0123,IIT_Delhi,India,3.54,1390,DS|Python|Docker,MIT,1
IIT_0124,IIT_Delhi,India,3.53,1543,DS|React|ML,Oxford,1
IIT_0125,IIT_Delhi,India,3.56,1316,ML|DS|Python|AWS,IIT_Delhi,1
IIT_0126,IIT_Delhi,India,3.34,1383,ML|Python|DS|AWS,IIT_Delhi,1
IIT_0127,IIT_Delhi,India,3.52,998,ML|Python|DS,Stanford,0
IIT_0128,IIT_Delhi,India,2.76,1517,DS|ML,Stanford,0
IIT_0129,IIT_Delhi,India,3.98,1434,Python|DS,IIT_Delhi,1
IIT_0130,IIT_Delhi,India,3.62,1580,ML|AWS|DS|Python|Docker,IIT_Delhi,1
IIT_0131,IIT_Delhi,India,2.77,1557,DS|Python|Docker,IIT_Delhi,0
IIT_0132,IIT_Delhi,India,3.39,1600,Python|ML|DS,IIT_Delhi,1
IIT_0133,IIT_Delhi,India,3.33,1132,ML|Python|DS,RV_College,0
IIT_0134,IIT_Delhi,India,3.54,1488,DS|Python,IIT_Delhi,1
IIT_0135,IIT_Delhi,India,3.63,1391,Python|ML|DS,IIT_Delhi,1
IIT_0136,IIT_Delhi,India,3.68,1479,Python|DS,IIT_Delhi,1
IIT_0137,IIT_Delhi,India,3.14,1262,ML|Python|DS,NUS,0
IIT_0138,IIT_Delhi,India,4.0,1516,Python|ML,NUS,1
IIT_0139,IIT_Delhi,India,3.59,1336,ML|Python,IIT_Delhi,1
IIT_0140,IIT_Delhi,India,2.89,1347,ML|Python,IIT_Delhi,0
IIT_0141,IIT_Delhi,India,3.93,1287,DS|Python,NUS,1
IIT_0142,IIT_Delhi,India,3.47,1437,AWS|ML|Python,IIT_Delhi,1
IIT_0143,IIT_Delhi,India,3.3,1235,DS|Python,IIT_Delhi,1
IIT_0144,IIT_Delhi,India,3.44,1445,Python|DS|ML|AWS|React,NUS,1
IIT_0145,IIT_Delhi,India,3.49,1313,ML|DS|Python,IIT_Delhi,1
IIT_0146,IIT_Delhi,India,3.78,1446,AWS|Python|ML,IIT_Delhi,1
IIT_0147,IIT_Delhi,India,3.68,1486,ML|DS|Python|AWS,Stanford,1
IIT_0148,IIT_Delhi,India,3.55,1560,AWS|DS|ML,IIT_Delhi,1
IIT_0149,IIT_Delhi,India,3.67,1382,DS|Python,IIT_Delhi,1
IIT_0150,IIT_Delhi,India,3.43,1333,ML|DS|Python|React,IIT_Delhi,1
IIT_0151,IIT_Delhi,India,4.0,1344,DS|ML,RV_College,1
IIT_0152,IIT_Delhi,India,3.95,1144,DS|Python|Docker|React,IIT_Delhi,0
IIT_0153,IIT_Delhi,India,3.48,1410,DS|ML,IIT_Delhi,1
IIT_0154,IIT_Delhi,India,3.48,1482,ML|DS|Python|Docker|AWS,MIT,1
IIT_0155,IIT_Delhi,India,3.19,1429,DS|Docker|ML,IIT_Delhi,0
IIT_0156,IIT_Delhi,India,4.0,1317,DS|Python|ML|React|Docker,IIT_Delhi,1
IIT_0157,IIT_Delhi,India,3.61,1312,ML|Python|Docker|React|DS,Oxford,1
IIT_0158,IIT_Delhi,India,3.17,1353,Python|ML|DS|AWS|React,Oxford,0
IIT_0159,IIT_Delhi,India,3.71,1368,DS|ML|Python|AWS,IIT_Delhi,1
IIT_0160,IIT_Delhi,India,3.47,1268,DS|ML|Python|Docker,Oxford,1
IIT_0161,IIT_Delhi,India,3.82,1596,Python|ML|AWS|DS,RV_College,1
IIT_0162,IIT_Delhi,India,3.18,1448,Python|DS,MIT,0
IIT_0163,IIT_Delhi,India,3.26,1189,ML|Python,IIT_Delhi,0
IIT_0164,IIT_Delhi,India,3.59,1471,ML|React,IIT_Delhi,0
IIT_0165,IIT_Delhi,India,3.54,1333,Python|DS|ML|AWS,IIT_Delhi,1
IIT_0166,IIT_Delhi,India,3.35,1280,DS|ML|React,IIT_Delhi,1
IIT_0167,IIT_Delhi,India,2.65,1440,AWS|ML|DS|Python,IIT_Delhi,0
IIT_0168,IIT_Delhi,India,3.5,1359,ML|Python,MIT,1
IIT_0169,IIT_Delhi,India,3.42,1254,Python|DS|ML,IIT_Delhi,1
IIT_0170,IIT_Delhi,India,3.07,1600,DS|Docker|ML|React,NUS,0
IIT_0171,IIT_Delhi,India,3.8,1447,ML|Python,Oxford,1
IIT_0172,IIT_Delhi,India,3.23,1467,Docker|DS|ML,MIT,1
IIT_0173,IIT_Delhi,India,3.42,1600,ML|DS|Python,IIT_Delhi,1
IIT_0174,IIT_Delhi,India,3.33,1378,ML|DS,IIT_Delhi,1
IIT_0175,IIT_Delhi,India,3.01,1391,React|DS|Python|ML,IIT_Delhi,0
IIT_0176,IIT_Delhi,India,3.38,1438,Python|AWS,IIT_Delhi,0
IIT_0177,IIT_Delhi,India,3.43,1379,ML|DS|Python,MIT,1
IIT_0178,IIT_Delhi,India,3.38,1263,Docker|AWS|DS|ML|React,NUS,1
IIT_0179,IIT_Delhi,India,3.83,1288,ML|Python|DS|Docker,IIT_Delhi,1
IIT_0180,IIT_Delhi,India,3.26,1543,ML|Python|DS|React,IIT_Delhi,1
IIT_0181,IIT_Delhi,India,3.37,1507,ML|Python|DS,Stanford,1
IIT_0182,IIT_Delhi,India,3.5,1407,Python|ML|React|DS|AWS,PES_University,1
IIT_0183,IIT_Delhi,India,3.53,1274,ML|AWS|Python,IIT_Delhi,1
IIT_0184,IIT_Delhi,India,3.14,1188,Python|DS,NUS,0
IIT_0185,IIT_Delhi,India,3.44,1346,DS|Python|Docker|ML,Stanford,1
IIT_0186,IIT_Delhi,India,3.51,1206,DS|ML|Docker|Python|React,IIT_Delhi,1
IIT_0187,IIT_Delhi,India,4.0,1533,React|Python|ML|Docker,IIT_Delhi,1
IIT_0188,IIT_Delhi,India,3.59,1451,ML|Docker|Python,Oxford,1
IIT_0189,IIT_Delhi,India,4.0,1560,Docker|ML|Python|DS|React,Stanford,1
IIT_0190,IIT_Delhi,India,3.28,1210,DS|ML,MIT,1
IIT_0191,IIT_Delhi,India,3.53,1561,ML|Python|React,Oxford,1
IIT_0192,IIT_Delhi,India,3.49,1434,DS|AWS,IIT_Delhi,0
IIT_0193,IIT_Delhi,India,3.51,1275,Python|DS|Docker|ML,IIT_Delhi,1
IIT_0194,IIT_Delhi,India,3.97,1526,DS|Docker|Python|ML,Oxford,1
IIT_0195,IIT_Delhi,India,3.46,1329,AWS|Python|ML,IIT_Delhi,1
IIT_0196,IIT_Delhi,India,3.1,1296,DS|Python|ML|React,IIT_Delhi,0
IIT_0197,IIT_Delhi,India,3.4,1121,DS|Python,IIT_Delhi,0
IIT_0198,IIT_Delhi,India,3.93,1370,Python|ML|Docker,IIT_Delhi,1
IIT_0199,IIT_Delhi,India,2.98,1416,ML|Python|DS|Docker,NUS,0
IIT_0200,IIT_Delhi,India,3.59,1381,ML|Python|DS,IIT_Delhi,1
IIT_0201,IIT_Delhi,India,2.51,1538,Python|DS|ML|AWS|React,RV_College,0
IIT_0202,IIT_Delhi,India,3.31,1384,AWS|Python|ML|DS|Docker,IIT_Delhi,1
IIT_0203,IIT_Delhi,India,3.5,1349,DS|ML|Python,NUS,1
IIT_0204,IIT_Delhi,India,3.65,1415,Python|ML,PES_University,1
IIT_0205,IIT_Delhi,India,3.53,1317,Python|DS|ML|Docker,IIT_Delhi,1
IIT_0206,IIT_Delhi,India,2.92,1382,DS|Python|ML,IIT_Delhi,0
IIT_0207,IIT_Delhi,India,3.52,1486,DS|ML,IIT_Delhi,1
IIT_0208,IIT_Delhi,India,3.3,1461,DS|Python,IIT_Delhi,1
IIT_0209,IIT_Delhi,India,3.69,996,Python|ML,IIT_Delhi,0
IIT_0210,IIT_Delhi,India,4.0,1439,ML|DS|Python|Docker|React,IIT_Delhi,1
IIT_0211,IIT_Delhi,India,3.01,1418,DS|Docker,IIT_Delhi,0
IIT_0212,IIT_Delhi,India,3.35,1457,Python|DS|ML,IIT_Delhi,1
IIT_0213,IIT_Delhi,India,3.46,1418,ML|DS|AWS|Python|React,Oxford,1
IIT_0214,IIT_Delhi,India,3.7,1573,DS|Python|ML|React|Docker,IIT_Delhi,1
IIT_0215,IIT_Delhi,India,3.34,1476,DS|ML|React|Python|AWS,IIT_Delhi,1
IIT_0216,IIT_Delhi,India,2.91,1374,ML|DS|AWS,IIT_Delhi,0
IIT_0217,IIT_Delhi,India,4.0,1398,ML|Python|DS|Docker|React,IIT_Delhi,1
IIT_0218,IIT_Delhi,India,3.7,1397,Python|DS|Docker,IIT_Delhi,1
IIT_0219,IIT_Delhi,India,3.97,1226,Python|DS,NUS,1
IIT_0220,IIT_Delhi,India,3.8,1164,DS|Python|ML,Stanford,0
IIT_0221,IIT_Delhi,India,3.37,1157,Python|DS|ML|Docker,IIT_Delhi,0
IIT_0222,IIT_Delhi,India,3.05,1177,React|Python|ML,MIT,0
IIT_0223,IIT_Delhi,India,3.82,1182,Docker|ML|DS,Stanford,0
IIT_0224,IIT_Delhi,India,3.91,1203,React|ML|AWS,Stanford,0
IIT_0225,IIT_Delhi,India,3.12,1361,Python|DS|ML,PES_University,0
IIT_0226,IIT_Delhi,India,3.38,1379,React|DS|Python,IIT_Delhi,1
IIT_0227,IIT_Delhi,India,3.02,1427,ML|Python|DS|AWS,MIT,0
IIT_0228,IIT_Delhi,India,4.0,1419,ML|DS|Python|AWS,RV_College,1
IIT_0229,IIT_Delhi,India,3.53,1216,Python|ML,MIT,1
IIT_0230,IIT_Delhi,India,3.82,1427,DS|Python|ML,Stanford,1
IIT_0231,IIT_Delhi,India,3.87,1290,ML|Python,IIT_Delhi,1
IIT_0232,IIT_Delhi,India,3.29,1596,ML|AWS|Python|DS,IIT_Delhi,1
IIT_0233,IIT_Delhi,India,3.28,1343,Python|React|AWS|ML,IIT_Delhi,1
IIT_0234,IIT_Delhi,India,4.0,1251,Python|ML,RV_College,1
IIT_0235,IIT_Delhi,India,2.8,1264,ML|DS|Python,IIT_Delhi,0
IIT_0236,IIT_Delhi,India,3.51,1166,AWS|DS|Python,IIT_Delhi,0
IIT_0237,IIT_Delhi,India,2.88,1465,DS|ML|Python|React,IIT_Delhi,0
IIT_0238,IIT_Delhi,India,3.65,1223,DS|ML|Python,IIT_Delhi,1
IIT_0239,IIT_Delhi,India,4.0,1270,Docker|ML|Python,MIT,1
IIT_0240,IIT_Delhi,India,3.17,1448,DS|ML|AWS|Docker,IIT_Delhi,0
IIT_0241,IIT_Delhi,India,3.22,1454,ML|Python|DS|React|Docker,IIT_Delhi,1
IIT_0242,IIT_Delhi,India,3.84,1328,ML|Python|DS|Docker|React,IIT_Delhi,1
IIT_0243,IIT_Delhi,India,3.25,1252,ML|AWS,RV_College,0
IIT_0244,IIT_Delhi,India,4.0,1384,ML|DS|Python|AWS|Docker,IIT_Delhi,1
IIT_0245,IIT_Delhi,India,3.24,1338,Python|DS|AWS|ML|Docker,Stanford,1
IIT_0246,IIT_Delhi,India,3.08,1485,ML|Python|DS,PES_University,0
IIT_0247,IIT_Delhi,India,2.74,1392,Python|DS|ML|React|Docker,IIT_Delhi,0
IIT_0248,IIT_Delhi,India,3.63,1244,ML|React|Python|DS|AWS,IIT_Delhi,1
IIT_0249,IIT_Delhi,India,3.9,1339,ML|DS|Python|AWS,IIT_Delhi,1
STA_0000,Stanford,USA,3.66,1434,AWS|DS|ML|React,Stanford,1
STA_0001,Stanford,USA,3.51,1456,AWS|DS|ML|React,Stanford,1
STA_0002,Stanford,USA,3.84,1367,ML|AWS|Python,Stanford,1
STA_0003,Stanford,USA,3.9,1461,AWS|DS|ML,Oxford,1
STA_0004,Stanford,USA,3.74,1405,DS|Python|AWS,Stanford,1
STA_0005,Stanford,USA,3.77,1479,Docker|AWS|ML,RV_College,0
STA_0006,Stanford,USA,3.46,1514,ML|AWS|Python,Stanford,1
STA_0007,Stanford,USA,3.53,1473,ML|AWS,Stanford,0
STA_0008,Stanford,USA,3.51,1600,DS|ML|Docker,Stanford,1
STA_0009,Stanford,USA,3.87,1523,DS|ML|Python|AWS|Docker,Stanford,1
STA_0010,Stanford,USA,3.71,1401,AWS|DS,Stanford,0
STA_0011,Stanford,USA,3.8,1470,DS|React,Stanford,0
STA_0012,Stanford,USA,3.45,1562,ML|AWS,Stanford,0
STA_0013,Stanford,USA,3.67,1512,ML|DS,Stanford,1
STA_0014,Stanford,USA,3.58,1590,ML|DS|AWS,RV_College,1
STA_0015,Stanford,USA,3.53,1530,AWS|DS|Python|ML|Docker,IIT_Delhi,1
STA_0016,Stanford,USA,3.33,1552,AWS|ML|React,Stanford,0
STA_0017,Stanford,USA,3.59,1438,React|ML|DS|AWS|Docker,Oxford,1
STA_0018,Stanford,USA,3.48,1600,DS|AWS,Stanford,0
STA_0019,Stanford,USA,3.75,1457,ML|AWS|React,Stanford,0
STA_0020,Stanford,USA,3.6,1532,Docker|ML,MIT,0
STA_0021,Stanford,USA,3.34,1583,ML|AWS,Stanford,0
STA_0022,Stanford,USA,3.57,1595,ML|React|DS|Docker|AWS,Stanford,1
STA_0023,Stanford,USA,4.0,1392,AWS|React,NUS,0
STA_0024,Stanford,USA,3.18,1600,AWS|ML|React,Stanford,0
STA_0025,Stanford,USA,3.8,1467,React|DS|Python|Docker|AWS,PES_University,1
STA_0026,Stanford,USA,3.82,1343,DS|Docker,Stanford,0
STA_0027,Stanford,USA,3.91,1396,ML|AWS|DS|Python|React,RV_College,1
STA_0028,Stanford,USA,4.0,1396,AWS|ML,Stanford,0
STA_0029,Stanford,USA,3.29,1442,DS|ML|AWS,Stanford,1
STA_0030,Stanford,USA,3.46,1402,DS|AWS|ML|React|Python,RV_College,1
STA_0031,Stanford,USA,3.87,1529,DS|ML,PES_University,1
STA_0032,Stanford,USA,3.36,1372,Docker|DS|ML,Stanford,1
STA_0033,Stanford,USA,3.51,1589,ML|DS|AWS,Stanford,1
STA_0034,Stanford,USA,3.81,1531,DS|Python|AWS|React|Docker,Oxford,1
STA_0035,Stanford,USA,3.76,1598,ML|AWS|DS|React|Docker,Stanford,1
STA_0036,Stanford,USA,3.69,1527,AWS|DS|ML,IIT_Delhi,1
STA_0037,Stanford,USA,3.33,1600,ML|AWS,Stanford,0
STA_0038,Stanford,USA,3.8,1300,AWS|ML|Python|DS,Stanford,1
STA_0039,Stanford,USA,3.54,1534,DS|AWS|ML|Python,Oxford,1
STA_0040,Stanford,USA,3.58,1542,React|DS|ML,Stanford,1
STA_0041,Stanford,USA,3.93,1365,ML|AWS|DS|Python|Docker,NUS,1
STA_0042,Stanford,USA,3.15,1446,ML|AWS,Stanford,0
STA_0043,Stanford,USA,4.0,1598,Python|AWS,Stanford,0
STA_0044,Stanford,USA,3.72,1531,AWS|DS|ML,Stanford,1
STA_0045,Stanford,USA,3.81,1500,ML|AWS|Docker|DS,Stanford,1
STA_0046,Stanford,USA,3.43,1569,DS|ML|AWS|Docker,Stanford,1
STA_0047,Stanford,USA,3.75,1600,AWS|ML|DS|Docker|React,RV_College,1
STA_0048,Stanford,USA,3.96,1558,Docker|DS|AWS,RV_College,0
STA_0049,Stanford,USA,4.0,1494,AWS|ML|DS|React|Python,MIT,1
STA_0050,Stanford,USA,3.39,1597,AWS|ML,Stanford,0
STA_0051,Stanford,USA,3.75,1574,DS|ML|AWS|React|Python,Stanford,1
STA_0052,Stanford,USA,4.0,1457,DS|ML|AWS|Docker|Python,PES_University,1
STA_0053,Stanford,USA,3.91,1466,DS|ML|AWS|React|Docker,Oxford,1
STA_0054,Stanford,USA,3.67,1600,ML|DS|AWS,Stanford,1
STA_0055,Stanford,USA,3.79,1560,AWS|DS|ML|Python|React,Stanford,1
STA_0056,Stanford,USA,3.7,1353,AWS|ML,Stanford,0
STA_0057,Stanford,USA,3.5,1383,DS|AWS|Python|ML,RV_College,1
STA_0058,Stanford,USA,3.77,1563,DS|Python|AWS|ML,Stanford,1
STA_0059,Stanford,USA,3.43,1525,ML|Python,Stanford,1
STA_0060,Stanford,USA,3.79,1545,React|DS|AWS|ML,Stanford,1
STA_0061,Stanford,USA,3.34,1481,Docker|ML|DS|AWS,Stanford,1
STA_0062,Stanford,USA,3.37,1516,ML|Python|DS|AWS|Docker,Stanford,1
STA_0063,Stanford,USA,3.94,1486,DS|ML|AWS|Python|Docker,Stanford,1
STA_0064,Stanford,USA,3.88,1575,ML|DS|AWS|Docker,Stanford,1
STA_0065,Stanford,USA,3.39,1535,AWS|DS|ML|Docker,RV_College,1
STA_0066,Stanford,USA,4.0,1480,DS|AWS,Stanford,0
STA_0067,Stanford,USA,3.94,1600,ML|AWS|DS|Docker|Python,NUS,1
STA_0068,Stanford,USA,3.39,1413,DS|Python|AWS,MIT,1
STA_0069,Stanford,USA,3.94,1358,ML|AWS|DS|Python|Docker,Stanford,1
STA_0070,Stanford,USA,3.58,1440,DS|ML|AWS|Docker|React,IIT_Delhi,1
STA_0071,Stanford,USA,3.49,1520,ML|DS|Docker|AWS|Python,PES_University,1
STA_0072,Stanford,USA,4.0,1538,AWS|Docker|ML|DS|Python,Oxford,1
STA_0073,Stanford,USA,3.77,1593,AWS|DS|ML,Stanford,1
STA_0074,Stanford,USA,3.82,1537,AWS|ML|DS|Docker,Stanford,1
STA_0075,Stanford,USA,3.85,1524,AWS|DS,Stanford,0
STA_0076,Stanford,USA,3.63,1544,DS|React|ML,MIT,1
STA_0077,Stanford,USA,3.33,1533,DS|AWS|Docker|ML|React,IIT_Delhi,1
STA_0078,Stanford,USA,3.8,1461,ML|AWS|DS,Stanford,1
STA_0079,Stanford,USA,3.66,1458,DS|AWS|ML|Docker|React,Stanford,1
STA_0080,Stanford,USA,3.74,1466,AWS|Python|DS,NUS,1
STA_0081,Stanford,USA,3.92,1435,ML|AWS|DS,Stanford,1
STA_0082,Stanford,USA,3.49,1412,ML|DS|AWS|Python,Stanford,1
STA_0083,Stanford,USA,3.74,1474,Python|DS|AWS|ML|React,Stanford,1
STA_0084,Stanford,USA,3.64,1567,ML|Python|AWS|DS,Stanford,1
STA_0085,Stanford,USA,4.0,1600,React|ML,RV_College,0
STA_0086,Stanford,USA,3.62,1519,ML|DS|Python,Stanford,1
STA_0087,Stanford,USA,3.94,1540,DS|ML|AWS,Stanford,1
STA_0088,Stanford,USA,3.8,1459,AWS|DS|Python|ML,Stanford,1
STA_0089,Stanford,USA,4.0,1484,DS|ML|AWS,Stanford,1
STA_0090,Stanford,USA,3.48,1529,AWS|Python|ML|React|DS,Oxford,1
STA_0091,Stanford,USA,3.85,1419,AWS|DS,Stanford,0
STA_0092,Stanford,USA,3.74,1346,ML|Docker|DS,Stanford,1
STA_0093,Stanford,USA,3.8,1543,AWS|DS,Stanford,0
STA_0094,Stanford,USA,4.0,1505,ML|DS|AWS|React|Docker,Stanford,1
STA_0095,Stanford,USA,3.86,1531,AWS|ML,Stanford,0
STA_0096,Stanford,USA,3.64,1494,ML|React|AWS,Stanford,0
STA_0097,Stanford,USA,4.0,1489,AWS|DS|ML,NUS,1
STA_0098,Stanford,USA,3.92,1440,DS|ML|AWS|React|Docker,PES_University,1
STA_0099,Stanford,USA,4.0,1462,DS|Python,RV_College,1
STA_0100,Stanford,USA,3.79,1485,AWS|Docker|DS|ML,PES_University,1
STA_0101,Stanford,USA,3.95,1583,AWS|ML|DS,Stanford,1
STA_0102,Stanford,USA,4.0,1600,DS|AWS|ML|Docker,Stanford,1
STA_0103,Stanford,USA,3.43,1600,Python|DS|AWS|ML,Oxford,1
STA_0104,Stanford,USA,3.52,1549,ML|AWS|DS,Stanford,1
STA_0105,Stanford,USA,3.37,1570,DS|AWS,IIT_Delhi,0
STA_0106,Stanford,USA,3.14,1600,DS|AWS|ML|Docker|React,MIT,0
STA_0107,Stanford,USA,3.6,1600,Python|AWS|ML,Stanford,1
STA_0108,Stanford,USA,3.84,1433,DS|AWS|Python|Docker|ML,Stanford,1
STA_0109,Stanford,USA,3.45,1554,ML|AWS|DS|React,Stanford,1
STA_0110,Stanford,USA,3.65,1388,ML|DS|Docker|AWS,Stanford,1
STA_0111,Stanford,USA,3.44,1468,DS|AWS|ML|React,Oxford,1
STA_0112,Stanford,USA,3.7,1391,ML|DS|Docker|AWS,Stanford,1
STA_0113,Stanford,USA,3.59,1530,ML|AWS,RV_College,0
STA_0114,Stanford,USA,3.62,1542,DS|Docker|ML|AWS|React,Stanford,1
STA_0115,Stanford,USA,3.78,1563,AWS|ML|Python,Stanford,1
STA_0116,Stanford,USA,3.36,1448,AWS|ML|DS|Docker,Stanford,1
STA_0117,Stanford,USA,3.42,1452,AWS|DS|ML,Stanford,1
STA_0118,Stanford,USA,4.0,1417,ML|DS|AWS|Docker,Stanford,1
STA_0119,Stanford,USA,3.64,1532,AWS|DS|ML|Docker,Stanford,1
STA_0120,Stanford,USA,3.42,1467,ML|DS,Stanford,1
STA_0121,Stanford,USA,3.23,1600,Docker|ML,PES_University,0
STA_0122,Stanford,USA,3.69,1514,ML|AWS|DS,Stanford,1
STA_0123,Stanford,USA,3.84,1426,AWS|DS|ML,Stanford,1
STA_0124,Stanford,USA,3.54,1462,DS|ML|Python|Docker,Stanford,1
STA_0125,Stanford,USA,3.75,1502,DS|ML|AWS|React|Docker,Stanford,1
STA_0126,Stanford,USA,4.0,1553,DS|ML|Python,Stanford,1
STA_0127,Stanford,USA,3.5,1519,DS|AWS|ML|React|Python,PES_University,1
STA_0128,Stanford,USA,3.76,1450,AWS|Docker|ML|DS|React,IIT_Delhi,1
STA_0129,Stanford,USA,3.65,1582,ML|AWS|DS|Python|Docker,PES_University,1
STA_0130,Stanford,USA,3.54,1557,AWS|Docker,Stanford,0
STA_0131,Stanford,USA,3.86,1485,ML|DS|Python|Docker,Stanford,1
STA_0132,Stanford,USA,4.0,1530,DS|AWS,Stanford,0
STA_0133,Stanford,USA,3.92,1503,AWS|DS|ML|Python,Stanford,1
STA_0134,Stanford,USA,3.27,1502,ML|AWS|DS,NUS,1
STA_0135,Stanford,USA,3.62,1460,DS|AWS|Docker|ML,IIT_Delhi,1
STA_0136,Stanford,USA,3.9,1600,ML|AWS|React|Docker|DS,Stanford,1
STA_0137,Stanford,USA,3.83,1436,DS|ML,Stanford,1
STA_0138,Stanford,USA,3.83,1600,AWS|DS,Stanford,0
STA_0139,Stanford,USA,3.67,1488,Docker|DS|ML|AWS|Python,NUS,1
STA_0140,Stanford,USA,3.68,1531,ML|AWS|DS|Docker,RV_College,1
STA_0141,Stanford,USA,4.0,1519,ML|Docker|AWS,Stanford,0
STA_0142,Stanford,USA,3.82,1491,DS|AWS,Stanford,0
STA_0143,Stanford,USA,3.82,1468,ML|AWS|DS|Python,Stanford,1
STA_0144,Stanford,USA,3.63,1469,DS|AWS|ML|Docker|React,Stanford,1
STA_0145,Stanford,USA,3.62,1485,DS|ML|AWS,PES_University,1
STA_0146,Stanford,USA,3.74,1385,AWS|DS|ML|React|Docker,Stanford,1
STA_0147,Stanford,USA,3.4,1557,ML|DS|Docker,Stanford,1
STA_0148,Stanford,USA,3.76,1570,ML|DS|AWS|Docker|React,Stanford,1
STA_0149,Stanford,USA,3.47,1524,AWS|ML,IIT_Delhi,0
STA_0150,Stanford,USA,3.88,1456,DS|ML,IIT_Delhi,1
STA_0151,Stanford,USA,3.52,1477,ML|AWS|DS|Docker|Python,PES_University,1
STA_0152,Stanford,USA,3.34,1341,ML|AWS|DS|Docker,Stanford,1
STA_0153,Stanford,USA,3.97,1534,DS|React,PES_University,0
STA_0154,Stanford,USA,4.0,1497,ML|DS|React,Stanford,1
STA_0155,Stanford,USA,3.66,1514,DS|AWS|Docker|React,Stanford,0
STA_0156,Stanford,USA,3.75,1308,DS|Docker,Stanford,0
STA_0157,Stanford,USA,3.73,1564,React|DS,Stanford,0
STA_0158,Stanford,USA,3.9,1583,DS|Python,Stanford,1
STA_0159,Stanford,USA,3.52,1537,DS|ML,IIT_Delhi,1
STA_0160,Stanford,USA,3.85,1334,AWS|ML|DS,Stanford,1
STA_0161,Stanford,USA,3.88,1574,ML|AWS|Python|DS,Stanford,1
STA_0162,Stanford,USA,4.0,1600,AWS|DS|Python|ML|React,Stanford,1
STA_0163,Stanford,USA,3.31,1500,DS|AWS|React|ML|Docker,Stanford,1
STA_0164,Stanford,USA,3.81,1514,ML|AWS|React|DS,Stanford,1
STA_0165,Stanford,USA,3.64,1580,DS|AWS|Python,Stanford,1
STA_0166,Stanford,USA,3.38,1355,AWS|DS|ML,Stanford,1
STA_0167,Stanford,USA,3.7,1480,ML|DS,Stanford,1
STA_0168,Stanford,USA,3.87,1426,ML|AWS|Python|DS|React,Stanford,1
STA_0169,Stanford,USA,3.1,1498,DS|ML|React|AWS|Docker,Stanford,0
STA_0170,Stanford,USA,3.29,1456,DS|AWS|ML,Stanford,1
STA_0171,Stanford,USA,3.36,1445,ML|AWS,IIT_Delhi,0
STA_0172,Stanford,USA,3.79,1469,ML|DS|AWS|Python|React,Stanford,1
STA_0173,Stanford,USA,3.91,1598,DS|ML|AWS|React,IIT_Delhi,1
STA_0174,Stanford,USA,3.91,1596,AWS|DS|ML|Docker,Stanford,1
STA_0175,Stanford,USA,3.93,1528,Python|DS|ML|AWS|React,MIT,1
STA_0176,Stanford,USA,4.0,1552,AWS|Python,Stanford,0
STA_0177,Stanford,USA,3.87,1585,DS|ML,Stanford,1
STA_0178,Stanford,USA,3.76,1531,AWS|DS|ML|React,Stanford,1
STA_0179,Stanford,USA,3.98,1577,ML|Docker|AWS|DS|Python,Stanford,1
STA_0180,Stanford,USA,3.19,1561,ML|DS,IIT_Delhi,0
STA_0181,Stanford,USA,4.0,1516,DS|ML,Stanford,1
STA_0182,Stanford,USA,3.82,1342,AWS|DS|ML|Docker|React,MIT,1
STA_0183,Stanford,USA,3.66,1514,AWS|ML|DS|React,Stanford,1
STA_0184,Stanford,USA,3.75,1526,Python|AWS,Stanford,0
STA_0185,Stanford,USA,3.75,1349,ML|DS|AWS|Docker,Oxford,1
STA_0186,Stanford,USA,3.47,1352,AWS|DS|ML|Docker,MIT,1
STA_0187,Stanford,USA,3.72,1600,ML|DS,RV_College,1
STA_0188,Stanford,USA,3.91,1521,ML|AWS|DS|Docker|React,Stanford,1
STA_0189,Stanford,USA,3.71,1527,AWS|DS,Stanford,0
STA_0190,Stanford,USA,3.62,1496,DS|AWS|Python,NUS,1
STA_0191,Stanford,USA,3.78,1500,AWS|ML|DS|Docker,NUS,1
STA_0192,Stanford,USA,3.87,1600,ML|React|Python,Stanford,1
STA_0193,Stanford,USA,3.63,1600,DS|ML|AWS,Stanford,1
STA_0194,Stanford,USA,3.79,1600,DS|AWS,Stanford,0
STA_0195,Stanford,USA,3.91,1479,AWS|ML|DS,Stanford,1
STA_0196,Stanford,USA,3.77,1545,DS|AWS|ML,Stanford,1
STA_0197,Stanford,USA,4.0,1567,DS|AWS|ML|Python|Docker,Stanford,1
STA_0198,Stanford,USA,3.93,1466,ML|AWS|Docker,Stanford,0
STA_0199,Stanford,USA,3.61,1428,Python|Docker|DS|ML,Stanford,1
STA_0200,Stanford,USA,4.0,1433,ML|Docker|AWS,NUS,0
STA_0201,Stanford,USA,4.0,1482,DS|ML,Stanford,1
STA_0202,Stanford,USA,3.98,1477,DS|AWS|ML,Stanford,1
STA_0203,Stanford,USA,4.0,1569,React|Python|AWS|ML|DS,Stanford,1
STA_0204,Stanford,USA,3.89,1583,DS|ML,Stanford,1
STA_0205,Stanford,USA,3.87,1340,AWS|DS|Python|ML|React,Stanford,1
STA_0206,Stanford,USA,3.39,1442,ML|DS|Docker|AWS|React,Stanford,1
STA_0207,Stanford,USA,3.87,1600,ML|DS|AWS|Python|Docker,Stanford,1
STA_0208,Stanford,USA,3.84,1465,ML|DS|AWS|React|Docker,Oxford,1
STA_0209,Stanford,USA,3.67,1333,AWS|DS|ML|React,IIT_Delhi,1
STA_0210,Stanford,USA,3.86,1496,React|AWS,Stanford,0
STA_0211,Stanford,USA,3.76,1437,AWS|DS|ML|Docker,Stanford,1
STA_0212,Stanford,USA,3.48,1398,DS|ML|AWS|React|Python,Stanford,1
STA_0213,Stanford,USA,3.57,1467,AWS|ML|DS|Docker|React,Stanford,1
STA_0214,Stanford,USA,3.51,1506,ML|AWS|DS,IIT_Delhi,1
STA_0215,Stanford,USA,3.39,1600,AWS|Docker,RV_College,0
STA_0216,Stanford,USA,3.35,1580,AWS|DS|Python,Stanford,1
STA_0217,Stanford,USA,4.0,1458,AWS|ML|DS,Stanford,1
STA_0218,Stanford,USA,3.64,1429,DS|AWS,MIT,0
STA_0219,Stanford,USA,4.0,1424,ML|DS|React,Stanford,1
STA_0220,Stanford,USA,3.87,1558,AWS|ML|DS|React,PES_University,1
STA_0221,Stanford,USA,4.0,1600,AWS|DS|Docker,Stanford,0
STA_0222,Stanford,USA,3.82,1544,ML|Docker,Stanford,0
STA_0223,Stanford,USA,4.0,1396,DS|ML|AWS,RV_College,1
STA_0224,Stanford,USA,3.72,1462,AWS|DS|Python,Stanford,1
STA_0225,Stanford,USA,3.41,1432,ML|DS,Stanford,1
STA_0226,Stanford,USA,3.86,1447,DS|AWS|ML,Stanford,1
STA_0227,Stanford,USA,3.56,1485,DS|AWS|ML,IIT_Delhi,1
STA_0228,Stanford,USA,3.65,1504,ML|AWS|DS,Stanford,1
STA_0229,Stanford,USA,3.53,1442,Docker|AWS|DS|React,Stanford,0
STA_0230,Stanford,USA,3.65,1445,AWS|DS|ML|Python|Docker,Stanford,1
STA_0231,Stanford,USA,3.95,1452,DS|ML|AWS,IIT_Delhi,1
STA_0232,Stanford,USA,3.54,1580,ML|AWS|DS,Stanford,1
STA_0233,Stanford,USA,3.45,1600,AWS|ML|DS,Stanford,1
STA_0234,Stanford,USA,3.86,1464,DS|AWS|ML|React,MIT,1
STA_0235,Stanford,USA,3.58,1504,React|AWS|DS|ML,Stanford,1
STA_0236,Stanford,USA,3.71,1595,AWS|ML|DS,PES_University,1
STA_0237,Stanford,USA,3.41,1600,ML|AWS|DS|Python,PES_University,1
STA_0238,Stanford,USA,3.79,1420,ML|AWS|DS,Stanford,1
STA_0239,Stanford,USA,3.92,1571,AWS|DS|ML,Stanford,1
STA_0240,Stanford,USA,3.36,1600,ML|React|AWS,Stanford,0
STA_0241,Stanford,USA,3.69,1511,DS|AWS,RV_College,0
STA_0242,Stanford,USA,3.85,1452,ML|DS|Docker|AWS|Python,NUS,1
STA_0243,Stanford,USA,3.62,1430,ML|Docker|React|DS|AWS,IIT_Delhi,1
STA_0244,Stanford,USA,3.72,1529,ML|DS|AWS|Docker|React,PES_University,1
STA_0245,Stanford,USA,4.0,1492,DS|AWS|ML|React,RV_College,1
STA_0246,Stanford,USA,3.84,1589,ML|Python|DS,Oxford,1
STA_0247,Stanford,USA,3.74,1504,DS|ML,Stanford,1
STA_0248,Stanford,USA,3.63,1308,ML|DS|React,Stanford,1
STA_0249,Stanford,USA,4.0,1484,DS|AWS|React,Stanford,0
STA_0250,Stanford,USA,3.48,1488,ML|AWS|Docker|DS|Python,Stanford,1
STA_0251,Stanford,USA,3.58,1290,AWS|DS|ML,MIT,1
STA_0252,Stanford,USA,4.0,1445,React|Python,Stanford,0
STA_0253,Stanford,USA,3.77,1458,ML|AWS,Stanford,0
STA_0254,Stanford,USA,3.22,1512,DS|ML|AWS|Python|React,Stanford,1
STA_0255,Stanford,USA,3.92,1542,DS|ML|Python,Stanford,1
STA_0256,Stanford,USA,3.69,1405,DS|Python,PES_University,1
STA_0257,Stanford,USA,3.62,1538,DS|ML|AWS|Docker,Stanford,1
STA_0258,Stanford,USA,3.52,1456,AWS|DS|ML|React|Python,NUS,1
STA_0259,Stanford,USA,3.68,1440,AWS|ML|DS|React|Python,PES_University,1
STA_0260,Stanford,USA,3.65,1455,DS|ML|AWS,IIT_Delhi,1
STA_0261,Stanford,USA,3.8,1503,DS|AWS|Docker,Stanford,0
STA_0262,Stanford,USA,3.36,1561,React|AWS|ML,Stanford,0
STA_0263,Stanford,USA,3.5,1513,Docker|DS|AWS|ML|React,Stanford,1
STA_0264,Stanford,USA,3.33,1474,AWS|DS|Docker,Stanford,0
STA_0265,Stanford,USA,3.46,1498,ML|AWS|DS,MIT,1
STA_0266,Stanford,USA,3.7,1600,ML|DS|React,MIT,1
STA_0267,Stanford,USA,3.77,1478,DS|AWS|Docker,PES_University,0
STA_0268,Stanford,USA,3.81,1434,Python|DS,PES_University,1
STA_0269,Stanford,USA,3.68,1408,DS|ML|AWS,Stanford,1
STA_0270,Stanford,USA,3.52,1561,DS|AWS|ML,PES_University,1
STA_0271,Stanford,USA,3.94,1600,DS|ML,Oxford,1
STA_0272,Stanford,USA,3.46,1480,ML|DS|Python,Oxford,1
STA_0273,Stanford,USA,4.0,1447,AWS|DS|ML|Python,Stanford,1
STA_0274,Stanford,USA,3.69,1566,ML|AWS|DS|React,Stanford,1
STA_0275,Stanford,USA,3.81,1558,ML|Docker|AWS,PES_University,0
STA_0276,Stanford,USA,4.0,1398,DS|AWS,NUS,0
STA_0277,Stanford,USA,3.79,1467,ML|DS|React|Python,Stanford,1
STA_0278,Stanford,USA,3.63,1568,AWS|DS,NUS,0
STA_0279,Stanford,USA,3.87,1431,Python|AWS|DS|ML,Stanford,1
STA_0280,Stanford,USA,4.0,1503,ML|Docker|DS|AWS|Python,PES_University,1
STA_0281,Stanford,USA,3.98,1499,DS|AWS|React,Stanford,0
STA_0282,Stanford,USA,3.48,1412,ML|AWS|DS,Stanford,1
STA_0283,Stanford,USA,3.66,1454,ML|React|AWS,Stanford,0
STA_0284,Stanford,USA,3.88,1600,DS|Python|ML,Stanford,1
STA_0285,Stanford,USA,3.41,1407,ML|DS,RV_College,1
STA_0286,Stanford,USA,3.31,1554,AWS|DS|ML,Stanford,1
STA_0287,Stanford,USA,3.67,1600,Docker|ML|DS|AWS,Oxford,1
STA_0288,Stanford,USA,3.71,1547,DS|AWS|ML,Stanford,1
STA_0289,Stanford,USA,3.68,1538,ML|DS|AWS,Stanford,1
STA_0290,Stanford,USA,4.0,1600,ML|AWS|Python|DS,Stanford,1
STA_0291,Stanford,USA,3.74,1507,ML|AWS|DS,Stanford,1
STA_0292,Stanford,USA,3.58,1395,DS|ML|AWS,Stanford,1
STA_0293,Stanford,USA,3.5,1436,ML|AWS|DS,RV_College,1
STA_0294,Stanford,USA,4.0,1540,AWS|Python|DS,Oxford,1
STA_0295,Stanford,USA,3.64,1451,DS|ML|AWS|Docker,IIT_Delhi,1
STA_0296,Stanford,USA,3.28,1415,AWS|DS|ML,Stanford,1
STA_0297,Stanford,USA,3.67,1539,AWS|ML|DS,Stanford,1
STA_0298,Stanford,USA,4.0,1469,DS|ML,Stanford,1
STA_0299,Stanford,USA,4.0,1470,ML|DS|AWS,MIT,1
OXF_0000,Oxford,UK,3.76,1471,Python|Docker|AWS|DS|ML,NUS,1
OXF_0001,Oxford,UK,3.33,1463,Docker|React,MIT,0
OXF_0002,Oxford,UK,4.0,1558,Python|Docker|DS|AWS|ML,PES_University,1
OXF_0003,Oxford,UK,3.85,1397,Docker|Python|DS|AWS,MIT,1
OXF_0004,Oxford,UK,3.79,1579,ML|Docker,RV_College,0
OXF_0005,Oxford,UK,3.37,1600,Docker|DS|AWS|Python|ML,Oxford,1
OXF_0006,Oxford,UK,3.32,1459,Python|Docker|ML|DS,Oxford,1
OXF_0007,Oxford,UK,3.08,1474,Python|DS|Docker,Oxford,0
OXF_0008,Oxford,UK,3.85,1426,Python|DS|Docker,NUS,1
OXF_0009,Oxford,UK,3.86,1373,DS|Docker|Python|AWS|ML,Oxford,1
OXF_0010,Oxford,UK,3.97,1595,Docker|Python|DS|AWS,IIT_Delhi,1
OXF_0011,Oxford,UK,3.65,1361,Docker|DS,Oxford,0
OXF_0012,Oxford,UK,4.0,1463,Python|DS|Docker|React|AWS,Oxford,1
OXF_0013,Oxford,UK,3.82,1492,DS|Python|React,Oxford,1
OXF_0014,Oxford,UK,3.31,1347,Python|DS|Docker|React,RV_College,1
OXF_0015,Oxford,UK,3.3,1243,Docker|Python|DS|React|AWS,Oxford,1
OXF_0016,Oxford,UK,3.45,1600,Docker|DS|Python,Oxford,1
OXF_0017,Oxford,UK,3.61,1586,Python|Docker,Oxford,0
OXF_0018,Oxford,UK,3.59,1429,Docker|DS|Python|React,Oxford,1
OXF_0019,Oxford,UK,3.87,1402,Docker|DS,Oxford,0
OXF_0020,Oxford,UK,3.36,1309,Python|DS,MIT,1
OXF_0021,Oxford,UK,3.71,1469,Docker|DS|AWS,Oxford,0
OXF_0022,Oxford,UK,3.22,1423,DS|Docker|Python,Oxford,1
OXF_0023,Oxford,UK,3.66,1378,ML|Docker|DS|Python|AWS,Oxford,1
OXF_0024,Oxford,UK,2.9,1394,DS|Docker,Oxford,0
OXF_0025,Oxford,UK,3.19,1401,Python|DS|Docker,Stanford,0
OXF_0026,Oxford,UK,4.0,1398,Docker|DS|React|Python,MIT,1
OXF_0027,Oxford,UK,2.97,1415,DS|Docker|React|AWS,PES_University,0
OXF_0028,Oxford,UK,3.73,1364,React|DS|Docker|Python|ML,NUS,1
OXF_0029,Oxford,UK,3.27,1476,AWS|Python,Oxford,0
OXF_0030,Oxford,UK,3.74,1264,Python|Docker|React|DS,Oxford,1
OXF_0031,Oxford,UK,3.16,1419,Python|DS,Oxford,0
OXF_0032,Oxford,UK,3.47,1521,Python|DS|React|Docker|ML,MIT,1
OXF_0033,Oxford,UK,3.36,1600,DS|Python,Oxford,1
OXF_0034,Oxford,UK,3.73,1334,Docker|React,Oxford,0
OXF_0035,Oxford,UK,3.49,1323,DS|Docker|React|Python,Oxford,1
OXF_0036,Oxford,UK,4.0,1442,Python|AWS|DS|Docker,Oxford,1
OXF_0037,Oxford,UK,3.15,1548,DS|Python|Docker|React,Oxford,0
OXF_0038,Oxford,UK,3.57,1441,DS|Docker|Python|AWS,Oxford,1
OXF_0039,Oxford,UK,3.43,1465,Python|Docker,Oxford,0
OXF_0040,Oxford,UK,3.68,1600,Python|DS|Docker|ML|AWS,Oxford,1
OXF_0041,Oxford,UK,3.62,1479,Python|Docker|DS,PES_University,1
OXF_0042,Oxford,UK,3.72,1600,DS|AWS|ML|Docker,Oxford,1
OXF_0043,Oxford,UK,3.69,1286,DS|Python|AWS|Docker,Oxford,1
OXF_0044,Oxford,UK,3.58,1377,Docker|DS|React|Python,NUS,1
OXF_0045,Oxford,UK,3.48,1476,DS|Python,Oxford,1
OXF_0046,Oxford,UK,3.2,1403,Docker|Python|AWS|DS,Oxford,1
OXF_0047,Oxford,UK,3.6,1374,ML|Python,RV_College,1
OXF_0048,Oxford,UK,3.46,1488,Docker|DS|ML,RV_College,1
OXF_0049,Oxford,UK,3.89,1520,ML|Python|Docker|DS,Oxford,1
OXF_0050,Oxford,UK,3.84,1501,DS|Docker|React|AWS|Python,NUS,1
OXF_0051,Oxford,UK,4.0,1600,Python|Docker|DS|AWS,Oxford,1
OXF_0052,Oxford,UK,3.79,1589,DS|Python|Docker|ML|React,Oxford,1
OXF_0053,Oxford,UK,3.73,1487,DS|Docker|Python|React|ML,Oxford,1
OXF_0054,Oxford,UK,3.38,1460,Python|AWS,Oxford,0
OXF_0055,Oxford,UK,4.0,1270,Docker|Python|ML|DS|AWS,Oxford,1
OXF_0056,Oxford,UK,3.33,1437,DS|Docker,Oxford,0
OXF_0057,Oxford,UK,3.8,1426,Python|DS|Docker|AWS|ML,Oxford,1
OXF_0058,Oxford,UK,3.61,1516,DS|Docker|Python|AWS,Oxford,1
OXF_0059,Oxford,UK,3.52,1480,Docker|Python|DS,RV_College,1
OXF_0060,Oxford,UK,3.88,1421,DS|ML,Oxford,1
OXF_0061,Oxford,UK,4.0,1553,DS|Docker|Python|AWS|ML,Oxford,1
OXF_0062,Oxford,UK,3.85,1478,Python|Docker|React|DS,RV_College,1
OXF_0063,Oxford,UK,3.8,1450,Python|Docker,Oxford,0
OXF_0064,Oxford,UK,3.79,1487,DS|Python|Docker,Stanford,1
OXF_0065,Oxford,UK,3.53,1415,Python|AWS,Oxford,0
OXF_0066,Oxford,UK,3.76,1600,Python|Docker,RV_College,0
OXF_0067,Oxford,UK,3.18,1600,DS|Docker|Python|ML,NUS,0
OXF_0068,Oxford,UK,3.51,1438,DS|Docker,Oxford,0
OXF_0069,Oxford,UK,3.8,1477,DS|Python|Docker|ML,Oxford,1
OXF_0070,Oxford,UK,3.47,1483,Docker|AWS,IIT_Delhi,0
OXF_0071,Oxford,UK,2.99,1520,Python|React|DS,Oxford,0
OXF_0072,Oxford,UK,3.9,1462,Python|Docker|ML,RV_College,1
OXF_0073,Oxford,UK,3.53,1355,ML|Docker|React|DS|Python,Oxford,1
OXF_0074,Oxford,UK,3.15,1600,DS|Python,Oxford,0
OXF_0075,Oxford,UK,3.78,1508,DS|Python|Docker,Oxford,1
OXF_0076,Oxford,UK,3.52,1551,DS|Docker|Python,Oxford,1
OXF_0077,Oxford,UK,3.51,1456,Docker|Python,Oxford,0
OXF_0078,Oxford,UK,3.54,1593,Python|Docker|React|DS|ML,Oxford,1
OXF_0079,Oxford,UK,3.21,1299,DS|Python|Docker|AWS|React,NUS,1
OXF_0080,Oxford,UK,4.0,1385,Docker|DS|AWS|Python,Oxford,1
OXF_0081,Oxford,UK,3.97,1445,AWS|ML|Python|Docker|DS,Oxford,1
OXF_0082,Oxford,UK,4.0,1544,DS|Python,Oxford,1
OXF_0083,Oxford,UK,3.06,1513,Docker|DS|Python,Oxford,0
OXF_0084,Oxford,UK,3.43,1468,Python|AWS|DS|Docker,Oxford,1
OXF_0085,Oxford,UK,4.0,1451,Docker|DS|Python,Oxford,1
OXF_0086,Oxford,UK,3.46,1237,DS|Docker|Python|ML,Oxford,1
OXF_0087,Oxford,UK,3.15,1509,Python|Docker|DS|React,Oxford,0
OXF_0088,Oxford,UK,3.45,1450,Docker|Python|DS,Oxford,1
OXF_0089,Oxford,UK,3.62,1530,Python|AWS|React|Docker,Oxford,0
OXF_0090,Oxford,UK,3.67,1320,DS|Python|AWS|React,PES_University,1
OXF_0091,Oxford,UK,4.0,1520,Docker|DS,Oxford,0
OXF_0092,Oxford,UK,2.87,1600,Python|Docker,PES_University,0
OXF_0093,Oxford,UK,3.52,1568,Python|Docker|DS,Oxford,1
OXF_0094,Oxford,UK,3.78,1436,Docker|AWS|DS,Oxford,0
OXF_0095,Oxford,UK,4.0,1366,Python|AWS|React|DS,Stanford,1
OXF_0096,Oxford,UK,3.51,1495,Python|DS|ML,Oxford,1
OXF_0097,Oxford,UK,3.72,1500,DS|Docker|ML|Python,Oxford,1
OXF_0098,Oxford,UK,3.38,1422,Docker|Python|DS|React,Oxford,1
OXF_0099,Oxford,UK,3.87,1486,Docker|Python,Oxford,0
OXF_0100,Oxford,UK,3.35,1387,DS|Docker|Python,Oxford,1
OXF_0101,Oxford,UK,3.59,1307,DS|React|Python,Oxford,1
OXF_0102,Oxford,UK,3.74,1519,Python|Docker|React|DS|AWS,Stanford,1
OXF_0103,Oxford,UK,3.67,1492,Docker|Python|DS|AWS,Oxford,1
OXF_0104,Oxford,UK,3.91,1465,DS|Python|Docker|ML|React,Oxford,1
OXF_0105,Oxford,UK,4.0,1378,Python|DS|ML,MIT,1
OXF_0106,Oxford,UK,3.32,1577,Python|React|ML|Docker|DS,IIT_Delhi,1
OXF_0107,Oxford,UK,3.48,1508,DS|Python|Docker|ML|React,Oxford,1
OXF_0108,Oxford,UK,3.88,1298,Python|Docker|DS|AWS,Oxford,1
OXF_0109,Oxford,UK,3.63,1356,Python|DS|Docker|React,Oxford,1
OXF_0110,Oxford,UK,3.79,1349,ML|Python,Oxford,1
OXF_0111,Oxford,UK,3.47,1323,DS|Python|Docker|React,Oxford,1
OXF_0112,Oxford,UK,3.6,1461,Python|AWS,Oxford,0
OXF_0113,Oxford,UK,3.54,1532,Docker|DS|Python,Oxford,1
OXF_0114,Oxford,UK,3.17,1587,Docker|Python|DS|ML,Oxford,0
OXF_0115,Oxford,UK,3.59,1465,DS|Python,Oxford,1
OXF_0116,Oxford,UK,3.78,1513,Python|Docker|DS|React|ML,Oxford,1
OXF_0117,Oxford,UK,3.41,1453,DS|Docker|ML|Python|React,Oxford,1
OXF_0118,Oxford,UK,3.7,1428,Docker|DS|Python,Oxford,1
OXF_0119,Oxford,UK,3.36,1473,DS|Python|Docker|React,Oxford,1
OXF_0120,Oxford,UK,3.75,1431,Python|Docker|DS|ML,Oxford,1
OXF_0121,Oxford,UK,3.4,1600,DS|Python|Docker|AWS,Oxford,1
OXF_0122,Oxford,UK,3.86,1597,AWS|Docker,Oxford,0
OXF_0123,Oxford,UK,3.29,1517,Docker|DS|ML|AWS|React,MIT,1
OXF_0124,Oxford,UK,3.62,1420,AWS|Python|Docker,Oxford,0
OXF_0125,Oxford,UK,3.49,1405,Docker|Python|DS,Oxford,1
OXF_0126,Oxford,UK,3.66,1449,Docker|Python,Oxford,0
OXF_0127,Oxford,UK,3.94,1481,Docker|DS|Python|React|ML,NUS,1
OXF_0128,Oxford,UK,3.78,1486,Docker|Python,NUS,0
OXF_0129,Oxford,UK,3.51,1495,Python|Docker|DS|React|ML,Oxford,1
OXF_0130,Oxford,UK,3.9,1279,Python|DS|Docker|ML|React,PES_University,1
OXF_0131,Oxford,UK,3.87,1447,DS|Docker|Python|ML|AWS,Oxford,1
OXF_0132,Oxford,UK,3.43,1419,Python|Docker|DS,Stanford,1
OXF_0133,Oxford,UK,3.32,1274,AWS|Python|DS|ML,Oxford,1
OXF_0134,Oxford,UK,3.31,1505,Python|Docker|AWS|DS|React,Oxford,1
OXF_0135,Oxford,UK,3.26,1399,DS|Docker|Python,Stanford,1
OXF_0136,Oxford,UK,3.65,1429,DS|Python|ML|Docker|AWS,RV_College,1
OXF_0137,Oxford,UK,3.93,1207,Python|DS|Docker|ML|React,PES_University,1
OXF_0138,Oxford,UK,3.24,1523,Docker|Python|DS,Oxford,1
OXF_0139,Oxford,UK,3.78,1600,Docker|Python|AWS|DS,Oxford,1
OXF_0140,Oxford,UK,3.37,1358,Python|DS|AWS,IIT_Delhi,1
OXF_0141,Oxford,UK,3.48,1382,DS|Python|Docker|AWS|ML,Oxford,1
OXF_0142,Oxford,UK,4.0,1417,Docker|Python|AWS|DS,Oxford,1
OXF_0143,Oxford,UK,3.5,1583,DS|Python|Docker|AWS|React,MIT,1
OXF_0144,Oxford,UK,3.75,1500,Python|ML|Docker|DS|AWS,MIT,1
OXF_0145,Oxford,UK,3.56,1335,Docker|DS|Python|ML,PES_University,1
OXF_0146,Oxford,UK,3.47,1600,AWS|DS|Python|Docker|ML,Oxford,1
OXF_0147,Oxford,UK,3.74,1377,Docker|Python|React|DS|AWS,Oxford,1
OXF_0148,Oxford,UK,3.55,1152,React|Python|Docker|AWS,Oxford,0
OXF_0149,Oxford,UK,3.75,1462,AWS|React,Oxford,0
OXF_0150,Oxford,UK,3.61,1395,Python|Docker|DS|ML,Oxford,1
OXF_0151,Oxford,UK,3.65,1347,DS|Docker,PES_University,0
OXF_0152,Oxford,UK,3.49,1526,Python|Docker,Oxford,0
OXF_0153,Oxford,UK,3.87,1600,ML|Docker|Python,Oxford,1
OXF_0154,Oxford,UK,3.83,1508,Python|DS|Docker|ML|React,Oxford,1
OXF_0155,Oxford,UK,3.79,1394,Docker|Python|DS|ML|React,Oxford,1
OXF_0156,Oxford,UK,3.38,1539,Python|AWS|Docker|ML,Oxford,1
OXF_0157,Oxford,UK,4.0,1600,DS|ML|Docker,Oxford,1
OXF_0158,Oxford,UK,3.51,1530,Docker|React|Python|DS|AWS,Stanford,1
OXF_0159,Oxford,UK,3.77,1281,Docker|Python|DS|React|AWS,Oxford,1
OXF_0160,Oxford,UK,3.78,1430,AWS|ML|DS,Stanford,1
OXF_0161,Oxford,UK,3.78,1488,Python|DS|ML,Oxford,1
OXF_0162,Oxford,UK,3.76,1413,Python|Docker,Oxford,0
OXF_0163,Oxford,UK,4.0,1503,Docker|ML|React|DS,Oxford,1
OXF_0164,Oxford,UK,3.42,1502,Python|DS|ML|Docker,Oxford,1
OXF_0165,Oxford,UK,3.61,1431,Docker|AWS,Oxford,0
OXF_0166,Oxford,UK,3.23,1285,Python|Docker|DS,Oxford,1
OXF_0167,Oxford,UK,3.25,1334,Python|DS|ML,Oxford,1
OXF_0168,Oxford,UK,3.88,1304,Docker|DS,Stanford,0
OXF_0169,Oxford,UK,3.87,1311,Python|DS|Docker,Oxford,1
OXF_0170,Oxford,UK,3.04,1524,Python|DS|Docker,Oxford,0
OXF_0171,Oxford,UK,3.68,1242,DS|Python|Docker,Oxford,1
OXF_0172,Oxford,UK,3.59,1456,DS|Docker|Python|ML|AWS,IIT_Delhi,1
OXF_0173,Oxford,UK,3.54,1413,DS|Docker|Python,Oxford,1
OXF_0174,Oxford,UK,3.54,1600,Docker|Python|ML,Oxford,1
OXF_0175,Oxford,UK,3.48,1399,DS|Docker|Python|React|AWS,Oxford,1
OXF_0176,Oxford,UK,2.72,1518,Python|Docker|DS,Oxford,0
OXF_0177,Oxford,UK,3.63,1298,Python|Docker|React|DS,MIT,1
OXF_0178,Oxford,UK,4.0,1481,AWS|Docker|Python|DS|ML,Oxford,1
OXF_0179,Oxford,UK,3.64,1461,Docker|DS|React|Python|AWS,Oxford,1
OXF_0180,Oxford,UK,3.98,1538,Docker|DS,IIT_Delhi,0
OXF_0181,Oxford,UK,3.61,1453,Docker|Python|DS,Oxford,1
OXF_0182,Oxford,UK,3.49,1445,Docker|Python|ML|DS,PES_University,1
OXF_0183,Oxford,UK,3.43,1526,Docker|Python|AWS|DS,Oxford,1
OXF_0184,Oxford,UK,3.69,1450,Docker|DS|Python|AWS|React,PES_University,1
OXF_0185,Oxford,UK,3.27,1600,Python|Docker|DS,Stanford,1
OXF_0186,Oxford,UK,3.11,1482,DS|Docker|Python|ML|AWS,NUS,0
OXF_0187,Oxford,UK,3.67,1442,AWS|Docker,Oxford,0
OXF_0188,Oxford,UK,3.68,1346,Python|ML|DS|Docker|React,RV_College,1
OXF_0189,Oxford,UK,3.92,1384,DS|Python|Docker|React,IIT_Delhi,1
OXF_0190,Oxford,UK,3.63,1394,Docker|DS|Python|ML,Oxford,1
OXF_0191,Oxford,UK,3.59,1556,Python|React|ML|DS,Oxford,1
OXF_0192,Oxford,UK,3.88,1399,Python|ML|AWS|Docker,Oxford,1
OXF_0193,Oxford,UK,4.0,1586,Docker|Python,Oxford,0
OXF_0194,Oxford,UK,3.61,1600,ML|React,Oxford,0
OXF_0195,Oxford,UK,3.46,1460,Docker|ML,MIT,0
OXF_0196,Oxford,UK,3.14,1452,React|DS|Python|AWS,Oxford,0
OXF_0197,Oxford,UK,3.23,1600,AWS|Python|React|DS|Docker,Oxford,1
OXF_0198,Oxford,UK,3.37,1422,DS|Docker,MIT,0
OXF_0199,Oxford,UK,3.54,1600,Python|Docker|DS,MIT,1
OXF_0200,Oxford,UK,3.33,1429,Docker|React,Oxford,0
OXF_0201,Oxford,UK,2.63,1486,ML|Docker,Oxford,0
OXF_0202,Oxford,UK,3.53,1447,DS|Python|Docker,Oxford,1
OXF_0203,Oxford,UK,3.92,1469,React|Docker|Python,Oxford,0
OXF_0204,Oxford,UK,3.39,1498,ML|DS|AWS|Docker|Python,Oxford,1
OXF_0205,Oxford,UK,3.19,1542,Python|DS|Docker|ML,RV_College,0
OXF_0206,Oxford,UK,3.6,1483,Python|Docker,Oxford,0
OXF_0207,Oxford,UK,3.96,1189,DS|Python|Docker|ML|React,Oxford,0
OXF_0208,Oxford,UK,3.53,1411,ML|DS|Docker,Oxford,1
OXF_0209,Oxford,UK,4.0,1270,DS|Docker|React,Oxford,0
OXF_0210,Oxford,UK,4.0,1376,ML|DS|Docker|Python,Oxford,1
OXF_0211,Oxford,UK,3.85,1405,Python|DS|ML|Docker|React,Oxford,1
OXF_0212,Oxford,UK,3.76,1296,Docker|DS|AWS,Oxford,0
OXF_0213,Oxford,UK,3.77,1442,Docker|DS,Oxford,0
OXF_0214,Oxford,UK,3.39,1300,Docker|Python,IIT_Delhi,0
OXF_0215,Oxford,UK,3.23,1412,Python|DS|React|AWS|Docker,PES_University,1
OXF_0216,Oxford,UK,3.24,1433,Python|DS|Docker|AWS|ML,PES_University,1
OXF_0217,Oxford,UK,3.4,1600,React|Python|DS,IIT_Delhi,1
OXF_0218,Oxford,UK,3.9,1452,DS|Python|Docker|React|ML,Oxford,1
OXF_0219,Oxford,UK,4.0,1518,Docker|DS,Oxford,0
OXF_0220,Oxford,UK,3.28,1600,DS|Python|React|Docker|ML,PES_University,1
OXF_0221,Oxford,UK,3.3,1461,React|Docker,Oxford,0
OXF_0222,Oxford,UK,3.67,1593,Docker|Python|DS|ML|AWS,Oxford,1
OXF_0223,Oxford,UK,3.42,1445,Docker|Python|ML|DS,Oxford,1
OXF_0224,Oxford,UK,3.56,1495,React|DS|Docker|Python|ML,Oxford,1
OXF_0225,Oxford,UK,3.44,1451,Docker|DS,Oxford,0
OXF_0226,Oxford,UK,3.45,1562,ML|Python|Docker|DS,Oxford,1
OXF_0227,Oxford,UK,3.75,1590,DS|React,Oxford,0
OXF_0228,Oxford,UK,3.62,1331,Python|Docker|DS|AWS,Stanford,1
OXF_0229,Oxford,UK,3.43,1600,DS|React|Python|Docker|AWS,RV_College,1
OXF_0230,Oxford,UK,3.63,1449,Docker|ML,MIT,0
OXF_0231,Oxford,UK,3.94,1442,DS|Python|AWS,IIT_Delhi,1
OXF_0232,Oxford,UK,3.36,1540,Docker|DS|Python,Oxford,1
OXF_0233,Oxford,UK,3.09,1527,AWS|DS|Docker|Python|React,PES_University,0
OXF_0234,Oxford,UK,2.98,1135,Docker|Python|DS|ML,NUS,0
OXF_0235,Oxford,UK,3.28,1540,Python|Docker|DS,Oxford,1
OXF_0236,Oxford,UK,3.29,1447,Docker|DS|Python,Oxford,1
OXF_0237,Oxford,UK,3.58,1438,AWS|React|Docker|DS,Oxford,0
OXF_0238,Oxford,UK,3.72,1544,DS|Python|AWS|Docker|ML,IIT_Delhi,1
OXF_0239,Oxford,UK,3.57,1380,Python|Docker|DS|AWS,Oxford,1
OXF_0240,Oxford,UK,3.99,1404,DS|Python|Docker|AWS,Oxford,1
OXF_0241,Oxford,UK,3.51,1263,Docker|React,Oxford,0
OXF_0242,Oxford,UK,3.38,1591,Docker|Python,Oxford,0
OXF_0243,Oxford,UK,3.19,1402,Python|ML|DS,Oxford,0
OXF_0244,Oxford,UK,3.88,1331,ML|DS,MIT,1
OXF_0245,Oxford,UK,3.87,1456,DS|Docker|Python,Oxford,1
OXF_0246,Oxford,UK,3.54,1448,DS|Python|Docker|React|AWS,NUS,1
OXF_0247,Oxford,UK,3.79,1358,Python|Docker,RV_College,0
OXF_0248,Oxford,UK,3.38,1508,Docker|Python|DS|React|AWS,Oxford,1
OXF_0249,Oxford,UK,3.68,1553,DS|Docker,Oxford,0
MIT_0000,MIT,USA,3.75,1600,ML|DS|AWS|React,MIT,1
MIT_0001,MIT,USA,3.75,1499,React|DS|ML|Python|AWS,RV_College,1
MIT_0002,MIT,USA,3.74,1582,React|DS|AWS|ML|Docker,Stanford,1
MIT_0003,MIT,USA,3.67,1582,DS|Python|React,Stanford,1
MIT_0004,MIT,USA,4.0,1582,ML|DS|React|Docker,Oxford,1
MIT_0005,MIT,USA,3.76,1579,ML|DS|React|Docker|AWS,MIT,1
MIT_0006,MIT,USA,3.79,1569,ML|DS|React|AWS|Docker,Oxford,1
MIT_0007,MIT,USA,3.65,1548,React|ML|DS,NUS,1
MIT_0008,MIT,USA,3.72,1587,ML|DS|React|Docker|AWS,MIT,1
MIT_0009,MIT,USA,3.64,1523,DS|AWS,NUS,0
MIT_0010,MIT,USA,4.0,1538,ML|Python|DS|React|AWS,Stanford,1
MIT_0011,MIT,USA,4.0,1600,ML|React,Stanford,0
MIT_0012,MIT,USA,3.38,1529,ML|React|Python|DS|AWS,MIT,1
MIT_0013,MIT,USA,3.31,1576,DS|React|Python,MIT,1
MIT_0014,MIT,USA,4.0,1569,Python|Docker|React,MIT,0
MIT_0015,MIT,USA,3.75,1550,DS|React|Docker,MIT,0
MIT_0016,MIT,USA,3.92,1600,DS|React|ML|Python|Docker,IIT_Delhi,1
MIT_0017,MIT,USA,3.99,1485,DS|Docker,NUS,0
MIT_0018,MIT,USA,3.97,1460,ML|Docker|DS,MIT,1
MIT_0019,MIT,USA,3.61,1586,DS|ML,MIT,1
MIT_0020,MIT,USA,3.97,1473,DS|React|AWS|ML|Docker,PES_University,1
MIT_0021,MIT,USA,3.49,1505,React|DS|Docker|ML|Python,PES_University,1
MIT_0022,MIT,USA,3.74,1562,ML|React|Docker|DS,MIT,1
MIT_0023,MIT,USA,3.91,1599,React|ML|Docker|DS|Python,MIT,1
MIT_0024,MIT,USA,3.87,1575,React|Docker|DS,MIT,0
MIT_0025,MIT,USA,3.83,1564,AWS|DS|React,PES_University,0
MIT_0026,MIT,USA,3.81,1570,DS|React,MIT,0
MIT_0027,MIT,USA,3.91,1583,React|DS|ML|Docker,MIT,1
MIT_0028,MIT,USA,3.69,1587,DS|ML|React|AWS,MIT,1
MIT_0029,MIT,USA,3.68,1544,ML|React|Python|DS|Docker,IIT_Delhi,1
MIT_0030,MIT,USA,3.87,1600,DS|ML|React|Python,Stanford,1
MIT_0031,MIT,USA,3.81,1516,ML|React|AWS|DS|Python,MIT,1
MIT_0032,MIT,USA,3.72,1600,Python|React,Oxford,0
MIT_0033,MIT,USA,3.53,1483,ML|React|DS,MIT,1
MIT_0034,MIT,USA,3.98,1505,React|ML|AWS,MIT,0
MIT_0035,MIT,USA,3.71,1519,React|DS,IIT_Delhi,0
MIT_0036,MIT,USA,3.84,1600,DS|React|ML|AWS|Python,MIT,1
MIT_0037,MIT,USA,3.66,1492,React|ML|DS|AWS,MIT,1
MIT_0038,MIT,USA,3.89,1600,ML|React|DS|AWS|Python,Stanford,1
MIT_0039,MIT,USA,3.84,1567,Python|React|DS|Docker,MIT,1
MIT_0040,MIT,USA,4.0,1579,ML|AWS|React|DS|Docker,MIT,1
MIT_0041,MIT,USA,3.78,1596,ML|React|AWS|DS|Python,MIT,1
MIT_0042,MIT,USA,3.85,1600,AWS|ML|DS,MIT,1
MIT_0043,MIT,USA,3.83,1556,ML|DS|React,MIT,1
MIT_0044,MIT,USA,3.71,1524,DS|ML|React,PES_University,1
MIT_0045,MIT,USA,3.83,1482,ML|Python|DS,MIT,1
MIT_0046,MIT,USA,3.54,1514,React|ML,NUS,0
MIT_0047,MIT,USA,3.96,1518,DS|ML|React|AWS|Docker,IIT_Delhi,1
MIT_0048,MIT,USA,3.99,1574,React|DS,MIT,0
MIT_0049,MIT,USA,3.87,1481,DS|React|ML,MIT,1
MIT_0050,MIT,USA,3.88,1514,DS|Docker|ML|React|Python,NUS,1
MIT_0051,MIT,USA,4.0,1572,DS|React|Python|AWS|ML,MIT,1
MIT_0052,MIT,USA,4.0,1524,React|DS|ML|AWS,NUS,1
MIT_0053,MIT,USA,4.0,1600,React|DS,MIT,0
MIT_0054,MIT,USA,3.71,1499,DS|React,MIT,0
MIT_0055,MIT,USA,3.69,1600,DS|AWS|ML,MIT,1
MIT_0056,MIT,USA,3.85,1498,AWS|DS,MIT,0
MIT_0057,MIT,USA,3.82,1517,React|ML|DS|Python,PES_University,1
MIT_0058,MIT,USA,4.0,1504,Docker|ML,Oxford,0
MIT_0059,MIT,USA,4.0,1513,DS|React|Python,IIT_Delhi,1
MIT_0060,MIT,USA,4.0,1560,React|ML,NUS,0
MIT_0061,MIT,USA,3.88,1591,React|ML|Python,MIT,1
MIT_0062,MIT,USA,3.86,1600,DS|ML|React,MIT,1
MIT_0063,MIT,USA,3.87,1484,ML|Docker|DS|React,MIT,1
MIT_0064,MIT,USA,3.83,1466,DS|ML|React|Docker,MIT,1
MIT_0065,MIT,USA,3.85,1600,DS|ML|React,MIT,1
MIT_0066,MIT,USA,4.0,1529,AWS|React|Docker|DS,MIT,0
MIT_0067,MIT,USA,3.7,1490,DS|ML|AWS,PES_University,1
MIT_0068,MIT,USA,3.56,1499,DS|ML|React,MIT,1
MIT_0069,MIT,USA,3.97,1600,DS|AWS|React|ML|Python,MIT,1
MIT_0070,MIT,USA,4.0,1552,React|DS,MIT,0
MIT_0071,MIT,USA,3.88,1600,ML|React|DS,MIT,1
MIT_0072,MIT,USA,3.5,1587,ML|React|DS|Python,MIT,1
MIT_0073,MIT,USA,4.0,1501,React|DS|ML|AWS|Python,MIT,1
MIT_0074,MIT,USA,3.75,1589,React|DS,PES_University,0
MIT_0075,MIT,USA,3.95,1552,DS|React|ML|AWS,IIT_Delhi,1
MIT_0076,MIT,USA,3.77,1539,React|Docker|DS,MIT,0
MIT_0077,MIT,USA,3.57,1600,ML|DS,MIT,1
MIT_0078,MIT,USA,3.91,1584,DS|ML,Stanford,1
MIT_0079,MIT,USA,3.48,1600,DS|React|ML|AWS,Stanford,1
MIT_0080,MIT,USA,3.71,1532,DS|ML,MIT,1
MIT_0081,MIT,USA,3.57,1545,ML|React|DS|Python,MIT,1
MIT_0082,MIT,USA,3.96,1525,React|Python,MIT,0
MIT_0083,MIT,USA,3.81,1494,React|DS,MIT,0
MIT_0084,MIT,USA,3.66,1568,ML|DS|React,MIT,1
MIT_0085,MIT,USA,3.68,1571,React|DS|Python,NUS,1
MIT_0086,MIT,USA,4.0,1447,DS|AWS,MIT,0
MIT_0087,MIT,USA,4.0,1583,DS|React|AWS|ML|Docker,Oxford,1
MIT_0088,MIT,USA,3.99,1552,React|ML|DS|Python|Docker,MIT,1
MIT_0089,MIT,USA,3.79,1532,ML|React|DS|AWS|Python,MIT,1
MIT_0090,MIT,USA,3.72,1562,React|DS|Docker|ML,MIT,1
MIT_0091,MIT,USA,3.8,1600,DS|ML|React|Python|AWS,MIT,1
MIT_0092,MIT,USA,3.94,1590,ML|React|AWS,MIT,0
MIT_0093,MIT,USA,3.47,1536,DS|ML|React,MIT,1
MIT_0094,MIT,USA,3.77,1504,React|ML|DS|AWS,MIT,1
MIT_0095,MIT,USA,3.5,1490,ML|React|DS|Docker,MIT,1
MIT_0096,MIT,USA,3.53,1477,DS|Docker|React|ML|AWS,MIT,1
MIT_0097,MIT,USA,3.89,1600,DS|Python,Stanford,1
MIT_0098,MIT,USA,3.69,1580,AWS|React|ML|DS,NUS,1
MIT_0099,MIT,USA,3.95,1544,Python|React|ML,IIT_Delhi,1
MIT_0100,MIT,USA,3.73,1600,React|AWS,MIT,0
MIT_0101,MIT,USA,3.62,1536,DS|React|Python,RV_College,1
MIT_0102,MIT,USA,3.83,1538,DS|ML|React|Python,Oxford,1
MIT_0103,MIT,USA,4.0,1600,React|Python,MIT,0
MIT_0104,MIT,USA,3.67,1600,Docker|ML,MIT,0
MIT_0105,MIT,USA,3.8,1577,React|DS|ML|Python|AWS,MIT,1
MIT_0106,MIT,USA,3.66,1489,ML|DS|React|AWS,MIT,1
MIT_0107,MIT,USA,3.92,1562,React|ML|DS,RV_College,1
MIT_0108,MIT,USA,3.49,1477,React|ML|DS|Python|AWS,MIT,1
MIT_0109,MIT,USA,4.0,1597,DS|React|ML|Docker|Python,RV_College,1
MIT_0110,MIT,USA,3.63,1542,React|ML|Docker|Python,MIT,1
MIT_0111,MIT,USA,3.75,1600,DS|React|Python|ML,MIT,1
MIT_0112,MIT,USA,3.76,1600,React|Docker|DS,MIT,0
MIT_0113,MIT,USA,3.87,1600,AWS|React|ML,MIT,0
MIT_0114,MIT,USA,3.78,1600,React|ML|DS|Docker|AWS,NUS,1
MIT_0115,MIT,USA,3.99,1501,Python|DS|ML,MIT,1
MIT_0116,MIT,USA,3.69,1525,ML|React|AWS|DS|Python,MIT,1
MIT_0117,MIT,USA,3.87,1456,ML|DS|React|Docker|AWS,MIT,1
MIT_0118,MIT,USA,3.79,1487,DS|React|Docker,Stanford,0
MIT_0119,MIT,USA,3.86,1459,ML|DS|Docker,IIT_Delhi,1
MIT_0120,MIT,USA,3.48,1549,DS|React|ML,MIT,1
MIT_0121,MIT,USA,3.98,1543,DS|React,MIT,0
MIT_0122,MIT,USA,3.34,1600,ML|Python,MIT,1
MIT_0123,MIT,USA,3.84,1544,Python|React,Stanford,0
MIT_0124,MIT,USA,3.47,1592,ML|DS|React|Docker,MIT,1
MIT_0125,MIT,USA,4.0,1537,ML|AWS|React|DS,Stanford,1
MIT_0126,MIT,USA,3.6,1492,ML|DS|AWS|React|Python,Oxford,1
MIT_0127,MIT,USA,3.71,1426,Python|DS|ML,NUS,1
MIT_0128,MIT,USA,3.67,1600,ML|DS|AWS|React,MIT,1
MIT_0129,MIT,USA,3.53,1504,DS|ML|React|Docker|AWS,IIT_Delhi,1
MIT_0130,MIT,USA,3.87,1570,React|DS|ML|Python,IIT_Delhi,1
MIT_0131,MIT,USA,3.49,1518,DS|ML|Python|React,MIT,1
MIT_0132,MIT,USA,3.71,1479,ML|AWS,Stanford,0
MIT_0133,MIT,USA,3.95,1600,React|DS,NUS,0
MIT_0134,MIT,USA,3.6,1600,Docker|DS|AWS,MIT,0
MIT_0135,MIT,USA,3.52,1584,DS|AWS|Python|ML|React,Stanford,1
MIT_0136,MIT,USA,4.0,1537,ML|Python|DS|React|AWS,MIT,1
MIT_0137,MIT,USA,3.64,1482,React|ML|Python|Docker|DS,PES_University,1
MIT_0138,MIT,USA,3.97,1539,ML|React|DS|Docker|Python,PES_University,1
MIT_0139,MIT,USA,3.61,1516,DS|Docker|ML|AWS,MIT,1
MIT_0140,MIT,USA,3.7,1600,ML|AWS,MIT,0
MIT_0141,MIT,USA,4.0,1475,React|AWS|ML|DS,MIT,1
MIT_0142,MIT,USA,3.94,1600,DS|Python|React|ML|Docker,PES_University,1
MIT_0143,MIT,USA,3.89,1600,DS|ML|React|AWS|Docker,MIT,1
MIT_0144,MIT,USA,3.53,1515,DS|ML|Docker,MIT,1
MIT_0145,MIT,USA,4.0,1537,DS|ML|React,MIT,1
MIT_0146,MIT,USA,3.78,1459,DS|Python|Docker|ML,Stanford,1
MIT_0147,MIT,USA,3.87,1600,ML|React|DS,MIT,1
MIT_0148,MIT,USA,3.79,1439,React|ML|DS,MIT,1
MIT_0149,MIT,USA,3.18,1579,DS|ML|React,MIT,0
MIT_0150,MIT,USA,3.56,1555,DS|React|ML,MIT,1
MIT_0151,MIT,USA,3.69,1557,React|Docker|Python|DS|ML,MIT,1
MIT_0152,MIT,USA,3.71,1519,React|ML|DS|Docker|AWS,MIT,1
MIT_0153,MIT,USA,3.7,1539,DS|ML|React|Docker,MIT,1
MIT_0154,MIT,USA,3.84,1544,React|DS,Oxford,0
MIT_0155,MIT,USA,3.76,1600,DS|ML|React,MIT,1
MIT_0156,MIT,USA,3.45,1523,Docker|DS,MIT,0
MIT_0157,MIT,USA,3.68,1578,ML|DS|React|Python,MIT,1
MIT_0158,MIT,USA,3.85,1537,ML|React|DS,MIT,1
MIT_0159,MIT,USA,3.53,1567,React|DS|ML,MIT,1
MIT_0160,MIT,USA,3.6,1588,React|AWS|DS|ML|Python,MIT,1
MIT_0161,MIT,USA,3.8,1557,React|DS|ML|AWS,MIT,1
MIT_0162,MIT,USA,3.86,1510,ML|DS|React|Python,MIT,1
MIT_0163,MIT,USA,3.69,1592,Python|ML|React|DS|Docker,MIT,1
MIT_0164,MIT,USA,3.44,1600,DS|ML|React|AWS,MIT,1
MIT_0165,MIT,USA,3.52,1524,React|ML|AWS|Python,MIT,1
MIT_0166,MIT,USA,4.0,1553,React|Python|ML,MIT,1
MIT_0167,MIT,USA,3.91,1570,Docker|React|ML,MIT,0
MIT_0168,MIT,USA,3.94,1565,React|ML|DS|Docker,Oxford,1
MIT_0169,MIT,USA,3.99,1537,React|DS|ML,IIT_Delhi,1
MIT_0170,MIT,USA,3.57,1574,React|ML,MIT,0
MIT_0171,MIT,USA,3.61,1589,DS|React,Oxford,0
MIT_0172,MIT,USA,3.94,1502,ML|Python|React|DS|Docker,Oxford,1
MIT_0173,MIT,USA,3.86,1600,ML|AWS|DS|React,MIT,1
MIT_0174,MIT,USA,3.96,1600,ML|Python|DS|React,MIT,1
MIT_0175,MIT,USA,3.62,1577,React|ML,MIT,0
MIT_0176,MIT,USA,4.0,1600,ML|React|DS,MIT,1
MIT_0177,MIT,USA,3.85,1577,ML|React|Docker|DS,MIT,1
MIT_0178,MIT,USA,3.8,1522,DS|ML|React|Python,NUS,1
MIT_0179,MIT,USA,3.81,1454,DS|React|ML|Python|AWS,MIT,1
MIT_0180,MIT,USA,3.99,1570,ML|React|DS,MIT,1
MIT_0181,MIT,USA,3.95,1512,ML|DS,NUS,1
MIT_0182,MIT,USA,3.95,1586,ML|React|DS|Docker,MIT,1
MIT_0183,MIT,USA,3.72,1507,ML|React|DS|Docker|AWS,MIT,1
MIT_0184,MIT,USA,3.6,1543,React|ML|DS,Stanford,1
MIT_0185,MIT,USA,3.75,1535,DS|React|ML,MIT,1
MIT_0186,MIT,USA,3.9,1541,React|Docker|ML|DS,IIT_Delhi,1
MIT_0187,MIT,USA,3.76,1599,AWS|DS|React|ML|Docker,IIT_Delhi,1
MIT_0188,MIT,USA,3.97,1571,React|ML|DS,MIT,1
MIT_0189,MIT,USA,3.84,1553,ML|DS|Python,MIT,1
MIT_0190,MIT,USA,4.0,1453,DS|React|ML|Python,MIT,1
MIT_0191,MIT,USA,3.86,1475,React|DS|ML|AWS|Docker,MIT,1
MIT_0192,MIT,USA,3.61,1558,DS|ML,MIT,1
MIT_0193,MIT,USA,4.0,1499,ML|AWS|Python,MIT,1
MIT_0194,MIT,USA,3.9,1419,ML|React,MIT,0
MIT_0195,MIT,USA,3.59,1562,ML|DS|React,IIT_Delhi,1
MIT_0196,MIT,USA,3.86,1501,DS|React|Docker,IIT_Delhi,0
MIT_0197,MIT,USA,3.98,1504,React|DS|ML|Docker|Python,MIT,1
MIT_0198,MIT,USA,3.88,1578,React|ML,Oxford,0
MIT_0199,MIT,USA,3.5,1474,React|ML|Python|DS,MIT,1
MIT_0200,MIT,USA,4.0,1522,DS|Docker|AWS|React,RV_College,0
MIT_0201,MIT,USA,3.55,1478,Python|DS,MIT,1
MIT_0202,MIT,USA,4.0,1534,DS|ML|Python|React,MIT,1
MIT_0203,MIT,USA,3.78,1543,Docker|DS,MIT,0
MIT_0204,MIT,USA,3.86,1525,DS|ML,MIT,1
MIT_0205,MIT,USA,3.81,1502,ML|DS,MIT,1
MIT_0206,MIT,USA,3.87,1524,DS|React|ML,NUS,1
MIT_0207,MIT,USA,4.0,1508,React|Python|DS|Docker|AWS,MIT,1
MIT_0208,MIT,USA,3.67,1551,DS|React|ML|AWS|Docker,MIT,1
MIT_0209,MIT,USA,4.0,1600,Docker|ML|React|DS,MIT,1
MIT_0210,MIT,USA,3.95,1600,ML|DS|Python|React,MIT,1
MIT_0211,MIT,USA,3.73,1554,ML|DS|React|Docker|Python,MIT,1
MIT_0212,MIT,USA,3.64,1583,DS|React,MIT,0
MIT_0213,MIT,USA,3.5,1475,React|ML,MIT,0
MIT_0214,MIT,USA,4.0,1506,DS|React|ML|Docker,MIT,1
MIT_0215,MIT,USA,3.82,1523,ML|DS|React|Python,MIT,1
MIT_0216,MIT,USA,3.98,1600,Docker|ML|React|DS|Python,NUS,1
MIT_0217,MIT,USA,3.92,1589,React|ML|DS|Docker|Python,MIT,1
MIT_0218,MIT,USA,3.4,1489,DS|ML,MIT,1
MIT_0219,MIT,USA,3.71,1550,ML|DS|React|Python,MIT,1
MIT_0220,MIT,USA,4.0,1442,DS|React|ML|Docker|AWS,RV_College,1
MIT_0221,MIT,USA,3.61,1515,DS|ML,MIT,1
MIT_0222,MIT,USA,3.91,1575,DS|React|ML|Python|AWS,MIT,1
MIT_0223,MIT,USA,3.82,1579,React|DS|Docker|ML,Oxford,1
MIT_0224,MIT,USA,4.0,1507,ML|React|DS|Docker,PES_University,1
MIT_0225,MIT,USA,3.72,1529,React|ML|DS|Python,PES_University,1
MIT_0226,MIT,USA,3.92,1591,React|DS|ML,NUS,1
MIT_0227,MIT,USA,3.89,1558,React|ML|DS|AWS,MIT,1
MIT_0228,MIT,USA,3.58,1600,React|Docker|ML,PES_University,0
MIT_0229,MIT,USA,3.96,1567,ML|Python|DS,MIT,1
MIT_0230,MIT,USA,3.81,1493,React|Python|Docker|DS|ML,MIT,1
MIT_0231,MIT,USA,3.97,1600,DS|ML|React,Oxford,1
MIT_0232,MIT,USA,3.95,1501,React|DS,IIT_Delhi,0
MIT_0233,MIT,USA,3.63,1484,React|Python|DS,MIT,1
MIT_0234,MIT,USA,3.51,1482,DS|React|ML,RV_College,1
MIT_0235,MIT,USA,3.61,1482,ML|DS|React|Docker|Python,Oxford,1
MIT_0236,MIT,USA,3.91,1569,ML|Docker|DS|AWS,MIT,1
MIT_0237,MIT,USA,3.77,1600,DS|React|AWS,MIT,0
MIT_0238,MIT,USA,3.88,1475,React|ML|DS|Python|AWS,MIT,1
MIT_0239,MIT,USA,3.78,1494,React|DS|Python,MIT,1
MIT_0240,MIT,USA,4.0,1525,AWS|React|Python|ML,NUS,1
MIT_0241,MIT,USA,4.0,1480,ML|DS|AWS|React|Python,MIT,1
MIT_0242,MIT,USA,3.79,1575,DS|Docker|React,MIT,0
MIT_0243,MIT,USA,3.55,1464,AWS|ML|React,IIT_Delhi,0
MIT_0244,MIT,USA,3.56,1520,ML|Docker|React,MIT,0
MIT_0245,MIT,USA,4.0,1490,DS|ML|React|Docker,MIT,1
MIT_0246,MIT,USA,3.74,1600,ML|Docker|React|DS|Python,MIT,1
MIT_0247,MIT,USA,4.0,1551,AWS|DS,NUS,0
MIT_0248,MIT,USA,4.0,1600,ML|DS|React|Docker|AWS,MIT,1
MIT_0249,MIT,USA,3.71,1550,DS|React|ML,MIT,1
MIT_0250,MIT,USA,3.8,1600,DS|ML|Python|React|AWS,NUS,1
MIT_0251,MIT,USA,3.77,1573,AWS|React|ML|DS|Python,NUS,1
MIT_0252,MIT,USA,3.67,1528,DS|React|ML,MIT,1
MIT_0253,MIT,USA,3.8,1496,React|DS|ML|AWS,MIT,1
MIT_0254,MIT,USA,3.74,1507,ML|React|AWS,MIT,0
MIT_0255,MIT,USA,3.46,1558,DS|Docker|ML|React|Python,MIT,1
MIT_0256,MIT,USA,3.97,1550,DS|ML,PES_University,1
MIT_0257,MIT,USA,3.54,1532,React|DS|ML|AWS|Python,MIT,1
MIT_0258,MIT,USA,3.45,1547,ML|AWS|DS|React|Docker,MIT,1
MIT_0259,MIT,USA,3.61,1600,React|Python|DS|ML|Docker,MIT,1
MIT_0260,MIT,USA,3.82,1582,AWS|DS|ML,MIT,1
MIT_0261,MIT,USA,3.62,1574,ML|React,RV_College,0
MIT_0262,MIT,USA,3.83,1516,DS|ML|Python|React,NUS,1
MIT_0263,MIT,USA,4.0,1527,AWS|ML|DS,Oxford,1
MIT_0264,MIT,USA,4.0,1512,React|DS|ML|AWS|Docker,MIT,1
MIT_0265,MIT,USA,3.54,1600,DS|React|ML|Python|Docker,MIT,1
MIT_0266,MIT,USA,3.72,1473,React|DS,Oxford,0
MIT_0267,MIT,USA,3.71,1536,React|DS|ML|Python,MIT,1
MIT_0268,MIT,USA,3.96,1577,React|Python|ML|DS,MIT,1
MIT_0269,MIT,USA,3.81,1569,ML|DS|React,MIT,1
MIT_0270,MIT,USA,4.0,1472,React|DS|Docker,MIT,0
MIT_0271,MIT,USA,4.0,1574,Docker|React|DS|Python|ML,MIT,1
MIT_0272,MIT,USA,4.0,1600,DS|ML,MIT,1
MIT_0273,MIT,USA,3.47,1334,React|Docker|ML|DS|AWS,MIT,1
MIT_0274,MIT,USA,3.79,1555,DS|ML|React|Docker|AWS,MIT,1
MIT_0275,MIT,USA,3.84,1397,ML|DS|React|Python|AWS,MIT,1
MIT_0276,MIT,USA,3.86,1534,AWS|React|DS|ML|Python,MIT,1
MIT_0277,MIT,USA,3.85,1585,React|DS|ML|Docker,MIT,1
MIT_0278,MIT,USA,3.57,1596,ML|React|AWS|Docker|DS,NUS,1
MIT_0279,MIT,USA,3.96,1595,ML|React|Python,RV_College,1
MIT_0280,MIT,USA,3.65,1447,ML|React,MIT,0
MIT_0281,MIT,USA,3.6,1502,Docker|React|DS,MIT,0
MIT_0282,MIT,USA,4.0,1518,ML|AWS|React|Docker|DS,RV_College,1
MIT_0283,MIT,USA,3.75,1569,ML|React|DS|Python,MIT,1
MIT_0284,MIT,USA,4.0,1587,ML|Python,MIT,1
MIT_0285,MIT,USA,4.0,1510,AWS|Python|ML|DS,IIT_Delhi,1
MIT_0286,MIT,USA,4.0,1555,React|ML|DS|Docker|AWS,Stanford,1
MIT_0287,MIT,USA,3.72,1584,ML|Docker|React,Stanford,0
MIT_0288,MIT,USA,3.48,1491,Docker|ML,MIT,0
MIT_0289,MIT,USA,3.53,1565,React|ML|AWS|DS|Docker,MIT,1
MIT_0290,MIT,USA,3.85,1595,ML|React|DS|Docker,PES_University,1
MIT_0291,MIT,USA,3.7,1499,ML|DS|Python|React|Docker,Stanford,1
MIT_0292,MIT,USA,3.8,1471,ML|DS|React,MIT,1
MIT_0293,MIT,USA,3.79,1493,React|DS,PES_University,0
MIT_0294,MIT,USA,3.8,1585,ML|DS,MIT,1
MIT_0295,MIT,USA,3.71,1600,ML|DS|AWS,MIT,1
MIT_0296,MIT,USA,3.65,1488,DS|ML,NUS,1
MIT_0297,MIT,USA,3.54,1600,DS|React,MIT,0
MIT_0298,MIT,USA,3.83,1547,DS|ML|React|Python|Docker,MIT,1
MIT_0299,MIT,USA,3.67,1539,React|ML|Python|DS|Docker,MIT,1
NUS_0000,NUS,Singapore,3.65,1558,React|AWS|Docker|ML,Stanford,0
NUS_0001,NUS,Singapore,3.59,1475,React|AWS,NUS,0
NUS_0002,NUS,Singapore,3.9,1415,React|Docker|AWS,NUS,0
NUS_0003,NUS,Singapore,3.4,1546,AWS|Python|ML|Docker,NUS,1
NUS_0004,NUS,Singapore,3.82,1226,AWS|React|Docker|ML|Python,NUS,1
NUS_0005,NUS,Singapore,3.57,1350,React|Docker|AWS|Python,NUS,0
NUS_0006,NUS,Singapore,3.67,1398,React|DS|ML|Docker,IIT_Delhi,1
NUS_0007,NUS,Singapore,3.66,1439,React|AWS|Docker|DS,NUS,0
NUS_0008,NUS,Singapore,3.38,1542,React|AWS|Python|Docker,Stanford,0
NUS_0009,NUS,Singapore,4.0,1306,AWS|Docker|React|ML,RV_College,0
NUS_0010,NUS,Singapore,3.44,1199,React|ML|AWS|Docker,NUS,0
NUS_0011,NUS,Singapore,3.43,1177,React|AWS|Docker|Python,NUS,0
NUS_0012,NUS,Singapore,3.58,1289,Docker|React|AWS|DS|ML,NUS,1
NUS_0013,NUS,Singapore,3.22,1452,AWS|React,NUS,0
NUS_0014,NUS,Singapore,3.05,1428,ML|Docker|React,NUS,0
NUS_0015,NUS,Singapore,3.64,1498,Docker|AWS,NUS,0
NUS_0016,NUS,Singapore,3.16,1394,Docker|AWS|React|DS|ML,NUS,0
NUS_0017,NUS,Singapore,3.87,1328,AWS|React,NUS,0
NUS_0018,NUS,Singapore,3.75,1531,React|ML,NUS,0
NUS_0019,NUS,Singapore,3.49,1598,Docker|AWS|React|ML,NUS,0
NUS_0020,NUS,Singapore,3.65,1444,React|Python|AWS,NUS,0
NUS_0021,NUS,Singapore,3.57,1337,ML|AWS,Stanford,0
NUS_0022,NUS,Singapore,3.81,1436,React|DS|Docker|AWS,NUS,0
NUS_0023,NUS,Singapore,3.82,1376,AWS|Docker|React,NUS,0
NUS_0024,NUS,Singapore,3.86,1525,React|Docker|AWS,Oxford,0
NUS_0025,NUS,Singapore,3.07,1318,AWS|React|DS|Docker,NUS,0
NUS_0026,NUS,Singapore,3.25,1247,React|AWS|DS|Docker,NUS,0
NUS_0027,NUS,Singapore,3.66,1523,DS|React|Docker|AWS,MIT,0
NUS_0028,NUS,Singapore,2.77,1417,AWS|ML|React|DS,MIT,0
NUS_0029,NUS,Singapore,3.89,1410,Docker|AWS|React,NUS,0
NUS_0030,NUS,Singapore,3.25,1268,React|Docker|AWS,MIT,0
NUS_0031,NUS,Singapore,3.55,1489,React|AWS|Docker|DS|ML,NUS,1
NUS_0032,NUS,Singapore,3.69,1356,AWS|React|Docker|ML,RV_College,0
NUS_0033,NUS,Singapore,2.98,1329,DS|Docker|React|AWS|Python,NUS,0
NUS_0034,NUS,Singapore,3.49,1315,React|AWS|Docker|DS,Stanford,0
NUS_0035,NUS,Singapore,3.25,1400,Python|React,NUS,0
NUS_0036,NUS,Singapore,3.3,1370,Docker|AWS|React|DS,PES_University,0
NUS_0037,NUS,Singapore,2.94,1288,AWS|React|Docker|DS,RV_College,0
NUS_0038,NUS,Singapore,3.14,1438,React|Docker|AWS|ML|DS,Oxford,0
NUS_0039,NUS,Singapore,3.28,1412,AWS|ML|React|Docker|DS,Stanford,1
NUS_0040,NUS,Singapore,2.6,1368,Docker|React|AWS,NUS,0
NUS_0041,NUS,Singapore,4.0,1177,Python|AWS|ML|Docker|React,NUS,0
NUS_0042,NUS,Singapore,3.62,1227,AWS|Docker|React|ML|DS,Stanford,1
NUS_0043,NUS,Singapore,3.2,1389,AWS|DS|React|Docker|Python,NUS,1
NUS_0044,NUS,Singapore,3.17,1307,Docker|AWS|React|DS,NUS,0
NUS_0045,NUS,Singapore,3.74,1345,React|Docker|DS|AWS,Oxford,0
NUS_0046,NUS,Singapore,3.69,1453,AWS|Python|React|Docker,IIT_Delhi,0
NUS_0047,NUS,Singapore,3.16,1412,Docker|AWS|React,NUS,0
NUS_0048,NUS,Singapore,3.63,1423,DS|Docker|React|Python|AWS,IIT_Delhi,1
NUS_0049,NUS,Singapore,4.0,1495,AWS|React,NUS,0
NUS_0050,NUS,Singapore,3.64,1489,React|Python,NUS,0
NUS_0051,NUS,Singapore,3.02,1513,React|AWS,MIT,0
NUS_0052,NUS,Singapore,3.69,1492,React|Python|AWS,NUS,0
NUS_0053,NUS,Singapore,3.59,1341,Docker|React|AWS|DS|Python,NUS,1
NUS_0054,NUS,Singapore,3.55,1449,AWS|Docker|React|DS|Python,Oxford,1
NUS_0055,NUS,Singapore,3.39,1521,Docker|React|AWS|DS|Python,NUS,1
NUS_0056,NUS,Singapore,3.65,1223,Docker|AWS,IIT_Delhi,0
NUS_0057,NUS,Singapore,3.24,1358,React|ML|AWS|Docker,NUS,0
NUS_0058,NUS,Singapore,3.26,1341,AWS|ML|Docker|DS|React,Oxford,1
NUS_0059,NUS,Singapore,3.21,1481,AWS|React|Docker|ML,MIT,0
NUS_0060,NUS,Singapore,3.67,1281,ML|Docker|AWS|React,MIT,0
NUS_0061,NUS,Singapore,3.63,1400,React|Docker|Python,NUS,0
NUS_0062,NUS,Singapore,3.56,1319,React|DS|AWS|Docker,NUS,0
NUS_0063,NUS,Singapore,3.33,1566,DS|AWS|React|Docker,RV_College,0
NUS_0064,NUS,Singapore,3.41,1428,AWS|Docker|React|Python|ML,MIT,1
NUS_0065,NUS,Singapore,3.47,1438,React|AWS|DS|Docker|Python,NUS,1
NUS_0066,NUS,Singapore,3.91,1386,Docker|AWS|React|Python,RV_College,0
NUS_0067,NUS,Singapore,3.54,1370,AWS|Docker,PES_University,0
NUS_0068,NUS,Singapore,3.69,1258,Docker|AWS|React|DS,PES_University,0
NUS_0069,NUS,Singapore,3.6,1360,AWS|Docker,NUS,0
NUS_0070,NUS,Singapore,3.48,1258,Docker|React|ML,NUS,0
NUS_0071,NUS,Singapore,3.34,1372,AWS|Python|React,NUS,0
NUS_0072,NUS,Singapore,3.27,1416,Docker|React,IIT_Delhi,0
NUS_0073,NUS,Singapore,3.24,1282,DS|AWS|ML,NUS,1
NUS_0074,NUS,Singapore,3.56,1376,Docker|ML|React,NUS,0
NUS_0075,NUS,Singapore,3.2,1406,Docker|React|AWS,MIT,0
NUS_0076,NUS,Singapore,3.14,1391,AWS|React|DS,NUS,0
NUS_0077,NUS,Singapore,3.39,1260,AWS|Docker|React,NUS,0
NUS_0078,NUS,Singapore,3.53,1445,AWS|ML,NUS,0
NUS_0079,NUS,Singapore,3.35,1388,Docker|React|AWS,NUS,0
NUS_0080,NUS,Singapore,3.03,1562,AWS|React,RV_College,0
NUS_0081,NUS,Singapore,2.6,1494,Docker|React|AWS,PES_University,0
NUS_0082,NUS,Singapore,3.59,1268,Docker|React|AWS,NUS,0
NUS_0083,NUS,Singapore,3.81,1399,AWS|React|Docker|DS,IIT_Delhi,0
NUS_0084,NUS,Singapore,3.59,1407,AWS|React|Python|Docker|ML,NUS,1
NUS_0085,NUS,Singapore,3.87,1124,AWS|Docker|React|DS,RV_College,0
NUS_0086,NUS,Singapore,2.75,1409,React|AWS|Python|Docker|DS,Stanford,0
NUS_0087,NUS,Singapore,2.85,1544,AWS|React|Docker,NUS,0
NUS_0088,NUS,Singapore,3.04,1540,Docker|React|AWS,NUS,0
NUS_0089,NUS,Singapore,3.42,1445,React|Docker,NUS,0
NUS_0090,NUS,Singapore,3.45,1386,AWS|React|Docker,NUS,0
NUS_0091,NUS,Singapore,2.96,1396,React|AWS,Stanford,0
NUS_0092,NUS,Singapore,3.85,1367,Docker|AWS|React,MIT,0
NUS_0093,NUS,Singapore,3.03,1425,Docker|AWS|React,Oxford,0
NUS_0094,NUS,Singapore,3.6,1317,AWS|React,NUS,0
NUS_0095,NUS,Singapore,2.65,1448,React|Docker|AWS,NUS,0
NUS_0096,NUS,Singapore,3.08,1471,Docker|AWS|DS|React|ML,NUS,0
NUS_0097,NUS,Singapore,3.18,1342,AWS|React|Python|Docker,Stanford,0
NUS_0098,NUS,Singapore,3.24,1375,AWS|Python,Oxford,0
NUS_0099,NUS,Singapore,3.31,1390,Docker|AWS,RV_College,0
NUS_0100,NUS,Singapore,2.61,1269,AWS|Docker|React|DS|ML,PES_University,0
NUS_0101,NUS,Singapore,3.04,1584,ML|Python|React|Docker|AWS,NUS,0
NUS_0102,NUS,Singapore,3.93,1417,DS|React|Docker|ML|AWS,NUS,1
NUS_0103,NUS,Singapore,3.11,1393,React|Docker|AWS|Python|DS,IIT_Delhi,0
NUS_0104,NUS,Singapore,2.77,1429,AWS|React,RV_College,0
NUS_0105,NUS,Singapore,3.18,1463,React|Docker,NUS,0
NUS_0106,NUS,Singapore,3.58,1304,Docker|AWS,NUS,0
NUS_0107,NUS,Singapore,3.5,1232,Docker|AWS|React|DS|Python,Stanford,1
NUS_0108,NUS,Singapore,3.34,1426,React|Docker|AWS|Python,NUS,0
NUS_0109,NUS,Singapore,3.37,1291,Docker|AWS|React|Python|ML,IIT_Delhi,1
NUS_0110,NUS,Singapore,3.17,1247,Docker|AWS|DS|React|ML,NUS,0
NUS_0111,NUS,Singapore,2.6,1528,Docker|AWS|React|DS,NUS,0
NUS_0112,NUS,Singapore,3.04,1561,AWS|Python|React|Docker,IIT_Delhi,0
NUS_0113,NUS,Singapore,3.21,1490,AWS|ML|React,Stanford,0
NUS_0114,NUS,Singapore,3.92,1330,Docker|Python|AWS,NUS,0
NUS_0115,NUS,Singapore,3.39,1230,AWS|React|Docker|ML,NUS,0
NUS_0116,NUS,Singapore,3.38,1360,AWS|Docker,NUS,0
NUS_0117,NUS,Singapore,3.27,1294,React|AWS|Docker|ML|Python,NUS,1
NUS_0118,NUS,Singapore,3.16,1474,React|Docker|AWS|DS|ML,NUS,0
NUS_0119,NUS,Singapore,3.58,1343,AWS|ML|React|Docker,NUS,0
NUS_0120,NUS,Singapore,3.31,1393,AWS|Docker|React|DS|Python,MIT,1
NUS_0121,NUS,Singapore,3.94,1378,Docker|AWS|DS|React,NUS,0
NUS_0122,NUS,Singapore,3.52,1447,Python|Docker|React|AWS,NUS,0
NUS_0123,NUS,Singapore,2.89,1381,AWS|Docker|React|DS,Stanford,0
NUS_0124,NUS,Singapore,3.02,1382,React|AWS|Docker,RV_College,0
NUS_0125,NUS,Singapore,3.5,1387,React|Python|Docker|AWS|ML,Stanford,1
NUS_0126,NUS,Singapore,3.33,1318,AWS|Python|React|DS|Docker,IIT_Delhi,1
NUS_0127,NUS,Singapore,3.71,1334,AWS|Docker|Python,NUS,0
NUS_0128,NUS,Singapore,3.27,1287,Docker|React|AWS,PES_University,0
NUS_0129,NUS,Singapore,2.98,1410,DS|Python|Docker,RV_College,0
NUS_0130,NUS,Singapore,3.04,1286,React|DS|Python,NUS,0
NUS_0131,NUS,Singapore,3.13,1217,React|ML|AWS|Python,NUS,0
NUS_0132,NUS,Singapore,3.71,1315,Docker|React,Stanford,0
NUS_0133,NUS,Singapore,3.26,1436,React|AWS|Docker|DS,NUS,0
NUS_0134,NUS,Singapore,3.87,1417,Docker|AWS,NUS,0
NUS_0135,NUS,Singapore,3.34,1412,React|AWS|Python,NUS,0
NUS_0136,NUS,Singapore,3.32,1503,React|AWS|Docker|ML,NUS,0
NUS_0137,NUS,Singapore,3.14,1287,Docker|AWS|React,Oxford,0
NUS_0138,NUS,Singapore,3.61,1347,React|Docker|AWS|ML|Python,PES_University,1
NUS_0139,NUS,Singapore,3.11,1342,AWS|React|Docker|DS,NUS,0
NUS_0140,NUS,Singapore,3.88,1471,Docker|DS,PES_University,0
NUS_0141,NUS,Singapore,3.63,1496,Python|Docker,NUS,0
NUS_0142,NUS,Singapore,3.03,1264,Docker|ML|React|AWS,NUS,0
NUS_0143,NUS,Singapore,3.45,1397,AWS|React|Docker,NUS,0
NUS_0144,NUS,Singapore,3.21,1311,Python|AWS,NUS,0
NUS_0145,NUS,Singapore,3.34,1335,Docker|React|AWS|Python|ML,Stanford,1
NUS_0146,NUS,Singapore,3.93,1593,React|DS|Python|AWS,Oxford,1
NUS_0147,NUS,Singapore,3.5,1264,Docker|React|AWS|Python,MIT,0
NUS_0148,NUS,Singapore,3.34,1362,AWS|Docker,NUS,0
NUS_0149,NUS,Singapore,3.49,1437,AWS|React,NUS,0
NUS_0150,NUS,Singapore,3.12,1326,Python|AWS|Docker|React,NUS,0
NUS_0151,NUS,Singapore,2.99,1328,Docker|React|AWS,NUS,0
NUS_0152,NUS,Singapore,3.36,1451,ML|React,NUS,0
NUS_0153,NUS,Singapore,3.62,1302,Python|ML|React,MIT,1
NUS_0154,NUS,Singapore,2.83,1474,Docker|React|AWS,Oxford,0
NUS_0155,NUS,Singapore,3.59,1356,React|AWS|DS|Docker,NUS,0
NUS_0156,NUS,Singapore,3.38,1468,Docker|AWS|React,NUS,0
NUS_0157,NUS,Singapore,3.89,1395,Python|Docker|React,NUS,0
NUS_0158,NUS,Singapore,3.4,1291,AWS|React|Docker|DS,MIT,0
NUS_0159,NUS,Singapore,3.6,1305,Docker|React|AWS,NUS,0
NUS_0160,NUS,Singapore,3.23,1241,AWS|React|Docker|DS|Python,NUS,1
NUS_0161,NUS,Singapore,3.62,1517,AWS|Docker|React|Python,MIT,0
NUS_0162,NUS,Singapore,3.06,1528,AWS|Docker|React,NUS,0
NUS_0163,NUS,Singapore,3.55,1427,AWS|React|Docker,NUS,0
NUS_0164,NUS,Singapore,3.95,1267,AWS|Docker,NUS,0
NUS_0165,NUS,Singapore,3.39,1316,AWS|Docker,Stanford,0
NUS_0166,NUS,Singapore,3.17,1311,AWS|DS|React|Docker|Python,NUS,0
NUS_0167,NUS,Singapore,3.47,1343,AWS|React|ML|Docker|DS,NUS,1
NUS_0168,NUS,Singapore,3.65,1591,Docker|AWS|React|Python|DS,MIT,1
NUS_0169,NUS,Singapore,3.65,1435,Docker|React,MIT,0
NUS_0170,NUS,Singapore,2.63,1223,AWS|DS|Docker|React|ML,Stanford,0
NUS_0171,NUS,Singapore,2.73,1440,Docker|AWS|React,NUS,0
NUS_0172,NUS,Singapore,3.01,1434,AWS|Docker|React,RV_College,0
NUS_0173,NUS,Singapore,3.32,1373,React|AWS|Docker|Python,NUS,0
NUS_0174,NUS,Singapore,3.52,1276,AWS|React|Docker|Python,NUS,0
NUS_0175,NUS,Singapore,3.74,1261,Docker|AWS|React|DS|ML,NUS,1
NUS_0176,NUS,Singapore,3.04,1520,Docker|ML|DS|React,RV_College,0
NUS_0177,NUS,Singapore,3.06,1430,Python|React,NUS,0
NUS_0178,NUS,Singapore,3.71,1472,React|Docker,NUS,0
NUS_0179,NUS,Singapore,4.0,1397,AWS|Docker,NUS,0
NUS_0180,NUS,Singapore,3.5,1124,Docker|AWS|React,NUS,0
NUS_0181,NUS,Singapore,4.0,1307,Docker|AWS|React|DS|Python,NUS,1
NUS_0182,NUS,Singapore,2.95,1322,React|AWS|Docker|Python|ML,NUS,0
NUS_0183,NUS,Singapore,3.25,1291,AWS|Docker|React|Python,NUS,0
NUS_0184,NUS,Singapore,3.36,1357,React|AWS|Docker,NUS,0
NUS_0185,NUS,Singapore,3.48,1418,React|Python|DS,NUS,1
NUS_0186,NUS,Singapore,3.34,1290,React|Docker|AWS|Python|ML,NUS,1
NUS_0187,NUS,Singapore,3.15,1333,AWS|React|Docker|DS,NUS,0
NUS_0188,NUS,Singapore,3.39,1446,Docker|React,NUS,0
NUS_0189,NUS,Singapore,3.32,1369,Docker|AWS|React,NUS,0
NUS_0190,NUS,Singapore,3.64,1457,AWS|DS|React|Docker,NUS,0
NUS_0191,NUS,Singapore,3.55,1415,Docker|DS|AWS,IIT_Delhi,0
NUS_0192,NUS,Singapore,3.14,1292,React|AWS,NUS,0
NUS_0193,NUS,Singapore,2.74,1508,React|Docker|AWS|Python|ML,NUS,0
NUS_0194,NUS,Singapore,4.0,1481,AWS|Python,PES_University,0
NUS_0195,NUS,Singapore,2.79,1494,Docker|React|AWS,NUS,0
NUS_0196,NUS,Singapore,3.26,1417,AWS|React|Docker,NUS,0
NUS_0197,NUS,Singapore,3.73,1251,React|AWS|ML|Docker,NUS,0
NUS_0198,NUS,Singapore,3.71,1308,Docker|AWS|React|Python|DS,Oxford,1
NUS_0199,NUS,Singapore,3.54,1483,AWS|Docker,NUS,0
NUS_0200,NUS,Singapore,3.55,1319,AWS|DS,NUS,0
NUS_0201,NUS,Singapore,3.02,1447,Docker|AWS,NUS,0
NUS_0202,NUS,Singapore,3.48,1578,React|Docker|AWS|DS,PES_University,0
NUS_0203,NUS,Singapore,3.69,1488,AWS|Docker,NUS,0
NUS_0204,NUS,Singapore,3.33,1317,AWS|React|Docker,RV_College,0
NUS_0205,NUS,Singapore,3.64,1072,DS|Docker,Stanford,0
NUS_0206,NUS,Singapore,3.65,1404,Docker|AWS|React|DS|Python,RV_College,1
NUS_0207,NUS,Singapore,3.83,1524,React|AWS,NUS,0
NUS_0208,NUS,Singapore,3.95,1427,React|AWS|Docker,Oxford,0
NUS_0209,NUS,Singapore,3.01,1430,AWS|Docker,NUS,0
NUS_0210,NUS,Singapore,3.09,1353,AWS|React|ML|Docker|Python,NUS,0
NUS_0211,NUS,Singapore,3.81,1474,Python|AWS|React,NUS,0
NUS_0212,NUS,Singapore,3.58,1362,React|Docker|AWS,Stanford,0
NUS_0213,NUS,Singapore,3.12,1389,React|Docker|AWS|Python|DS,NUS,0
NUS_0214,NUS,Singapore,3.67,1330,React|Docker|AWS|Python|ML,IIT_Delhi,1
NUS_0215,NUS,Singapore,3.89,1423,AWS|React|Docker,NUS,0
NUS_0216,NUS,Singapore,3.18,1442,ML|React|Docker|AWS|Python,RV_College,0
NUS_0217,NUS,Singapore,3.49,1375,DS|Python|React|AWS|ML,RV_College,1
NUS_0218,NUS,Singapore,3.02,1425,AWS|Docker|DS|React,NUS,0
NUS_0219,NUS,Singapore,3.51,1481,Docker|AWS|React|Python,IIT_Delhi,0
NUS_0220,NUS,Singapore,3.25,1444,React|AWS,NUS,0
NUS_0221,NUS,Singapore,3.21,1235,React|Python,Oxford,0
NUS_0222,NUS,Singapore,3.42,1288,React|AWS|DS|Docker,NUS,0
NUS_0223,NUS,Singapore,3.73,1478,React|AWS,Stanford,0
NUS_0224,NUS,Singapore,3.08,1411,ML|React|Docker|AWS,NUS,0
NUS_0225,NUS,Singapore,3.22,1391,AWS|Python|ML,NUS,1
NUS_0226,NUS,Singapore,3.34,1459,Python|AWS|Docker,NUS,0
NUS_0227,NUS,Singapore,3.18,1219,React|AWS,NUS,0
NUS_0228,NUS,Singapore,3.48,1363,React|AWS,NUS,0
NUS_0229,NUS,Singapore,3.71,1308,Docker|React|AWS|Python,NUS,0
NUS_0230,NUS,Singapore,3.69,1345,AWS|Docker|React|DS,NUS,0
NUS_0231,NUS,Singapore,3.49,1328,React|AWS|Docker|ML,Oxford,0
NUS_0232,NUS,Singapore,3.47,1452,React|Docker|ML|AWS|DS,Stanford,1
NUS_0233,NUS,Singapore,4.0,1292,AWS|React|Docker|DS|ML,MIT,1
NUS_0234,NUS,Singapore,3.43,1187,AWS|ML,NUS,0
NUS_0235,NUS,Singapore,3.31,1434,AWS|Docker,NUS,0
NUS_0236,NUS,Singapore,3.5,1402,React|Docker|AWS|ML,Stanford,0
NUS_0237,NUS,Singapore,3.44,1225,AWS|React,NUS,0
NUS_0238,NUS,Singapore,3.42,1384,React|AWS|Docker,Oxford,0
NUS_0239,NUS,Singapore,3.28,1538,React|AWS|Docker|Python,NUS,0
NUS_0240,NUS,Singapore,3.67,1484,Docker|React,MIT,0
NUS_0241,NUS,Singapore,3.98,1501,Docker|DS|AWS,NUS,0
NUS_0242,NUS,Singapore,2.94,1364,Python|Docker|React,NUS,0
NUS_0243,NUS,Singapore,2.99,1559,Python|Docker|AWS,PES_University,0
NUS_0244,NUS,Singapore,3.48,1534,AWS|React|ML|Docker|DS,NUS,1
NUS_0245,NUS,Singapore,4.0,1443,Docker|Python|DS,NUS,1
NUS_0246,NUS,Singapore,3.48,1373,Python|React|AWS,IIT_Delhi,0
NUS_0247,NUS,Singapore,2.66,1396,AWS|Docker|React,NUS,0
NUS_0248,NUS,Singapore,3.75,1551,AWS|Python|Docker|React,MIT,0
NUS_0249,NUS,Singapore,3.55,1338,React|Docker|AWS|DS,NUS,0
